iter	RMSE
0	0.3982989141
1	0.3850431079
2	0.3831683675
3	0.3625521846
4	0.3556816415
5	0.3494444092
6	0.3427779071
7	0.336968307
88	0.340503154499	0.3345042683
10	0.3289627098111	0.3234809376
12	0.3186685066
13	0.3137144842
14	0.3087060047
15	0.3035667274
16	0.2990594691
17	0.2943325382
18	0.2896800106
19	0.2856056559
20	0.2812516887
21	0.2765081853
22	0.2726250597
23	0.2687026616
24	0.2645637676
25	0.2610067416
26	0.25713615
27	0.2532913407
28	0.2503007376
29	0.2468622434
30	0.2437305198
31	0.2403920984
32	0.2373507499
33	0.2342249277
34	0.2311270486
35	0.228204884
36	0.2252687818
37	0.2224412453
38	0.2198636952
39	0.2176126091
40	0.2148596031
41	0.212411785
42	0.2101264812
43	0.2078409003
44	0.2056048292
45	0.2034247941
46	0.2011887978
47	0.1989288705
48	0.1970044528
49	0.1949568583
50	0.1930742393
51	0.1911715571
52	0.1891361445
53	0.1873960686
54	0.1857587072
55	0.1840244006
56	0.1822873652
57	0.1806974082
58	0.1792057509
59	0.1777237632
60	0.1762215785
61	0.1747495171
62	0.1733772361
63	0.1720526616
64	0.1709913489
65	0.1697106037
66	0.168407424
67	0.1673955537
68	0.1664372314
69	0.1652384449
70	0.1640856446
71	0.1631029405
72	0.1620422048
73	0.160756177
74	0.1597141205
75	0.1587894372
76	0.1578202883
77	0.1567475372
78	0.1557354943
79	0.1546942822
80	0.1538068934
81	0.1530629436
82	0.1520848905
83	0.1511472426
84	0.1502945633
85	0.1493647587
86	0.1485563904
87	0.147748555
88	0.1468791587
89	0.1460635993
90	0.1452939861
91	0.1445774104
92	0.1438117296
93	0.1432200453
94	0.1423209036
95	0.1415934649
96	0.1408332269
97	0.140174441
98	0.1394414096
99	0.1387030245
100	0.1380039997
101	0.137395146
102	0.1367638099
103	0.1361825811
104	0.1355796311
105	0.1350362105
106	0.134494771
107	0.133959998
108	0.1334616645
109	0.1328995013
110	0.1324737
111	0.131905175
112	0.1313094388
113	0.1308328229
114	0.1304251386
115	0.1299188575
116	0.1294289388
117	0.1289439309
118	0.128596578
119	0.1282175746
120	0.1276720882
121	0.1273207372
122	0.1268333895
123	0.1262098201
124	0.1258021404
125	0.1254826405
126	0.1249978932
127	0.1247247084
128	0.1243006834
129	0.123954325
130	0.1235733238
131	0.1231871643
132	0.1227127307
133	0.1223010771
134	0.1219384084
135	0.1216490757
136	0.1212640396
137	0.1208841916
138	0.1204801586
139	0.1201070441
140	0.119731157
141	0.1194291072
142	0.1191069559
143	0.11866763
144	0.1183327148
145	0.1181030611
146	0.1177291074
147	0.1174689762
148	0.1171207414
149	0.1167423241
150	0.116445712
151	0.1161931017
152	0.1158964552
153	0.1156333549
154	0.1153290543
155	0.1150775285
156	0.1148756161
157	0.1144582314
158	0.1142174072
159	0.1140209037
160	0.1138037261
161	0.1136356332
162	0.1134207754
163	0.113251506
164	0.1130226887
165	0.1126437893
166	0.1124448779
167	0.1121304316
168	0.1119587025
169	0.1116662862
170	0.1113741239
171	0.1111610495
172	0.1110549859
173	0.110772172
174	0.1105293753
175	0.11020863
176	0.1099513953
177	0.1096891349
178	0.1094236893
179	0.1092377202
180	0.1089863852
181	0.1087212776
182	0.1084447811
183	0.1082222417
184	0.1079870903
185	0.1077329124
186	0.1074382718
187	0.1072338906
188	0.1069687878
189	0.1067930383
190	0.1066367389
191	0.1064711283
192	0.1062618781
193	0.1059813146
194	0.1057507723
195	0.1055698838
196	0.1053811541
197	0.1051674471
198	0.1049393582
199	0.1047978627
200	0.1046124271
201	0.1044746102
202	0.1042307008
203	0.1040774363
204	0.1039412036
205	0.1038130943
206	0.1036375726
207	0.1034745732
208	0.1032955579
209	0.1031047447
210	0.1029982672
211	0.1027582698
212	0.1026069784
213	0.1024939553
214	0.1022705364
215	0.1020919556
216	0.1019562206
217	0.1017372044
218	0.1016294254
219	0.1014650898
220	0.1012619375
221	0.1011004056
222	0.1009229871
223	0.1007920783
224	0.1006961511
225	0.1005267363
226	0.1003145808
227	0.1001520961
228	0.09992922857
229	0.09980168028
230	0.09967426953
231	0.09946087156
232	0.09928644883
233	0.09914613339
234	0.09897251561
235	0.0988299182
236	0.09867355052
237	0.09848915869
238	0.09833763221
239	0.09827264637
240	0.09815784709
241	0.09799194931
242	0.09779533605
243	0.09769089153
244	0.09758853957
245	0.097469976
246	0.09726571056
247	0.09712899284
248	0.09693186575
249	0.09679184413
250	0.09667500059
251	0.09654048453
252	0.0963721923
253	0.0962024335
254	0.0960527306
255	0.09586689085
256	0.09570145638
257	0.09557987948
258	0.09542744464
259	0.09524249862
260	0.09515805516
261	0.09495141173
262	0.09482439715
263	0.09465638131
264	0.09443725429
265	0.09427248334
266	0.09414150408
267	0.0940161874
268	0.09392341712
269	0.09379303855
270	0.09375040817
271	0.09360698951
272	0.09348410938
273	0.0933059142
274	0.09312687155
275	0.09301035859
276	0.09280809918
277	0.09265750886
278	0.09257924805
279	0.09244951155
280	0.09232451882
281	0.09225217814
282	0.09217058422
283	0.09212551003
284	0.09186468116
285	0.09167883405
286	0.09152246609
287	0.09134581631
288	0.09126020917
289	0.09113942942
290	0.09100895265
291	0.09091216599
292	0.0908277411
293	0.09069490783
294	0.09063691748
295	0.09055975524
296	0.09044394714
297	0.09029965023
298	0.09018298926
299	0.09001435453
300	0.08986537374
301	0.08975969465
302	0.08961759839
303	0.08948688407
304	0.08931481755
305	0.08926546021
306	0.08909815667
307	0.08893922289
308	0.08878153008
309	0.08859833718
310	0.08849553646
311	0.08837145179
312	0.08832850576
313	0.08826146617
314	0.08817925067
315	0.08812318608
316	0.08803198432
317	0.08796587586
318	0.08791860692
319	0.08780973972
320	0.08771311869
321	0.08767113168
322	0.08760998834
323	0.08749013843
324	0.0873930292
325	0.08736368447
326	0.08723677817
327	0.08713236004
328	0.08696583972
329	0.08682935084
330	0.08667360481
331	0.08652520615
332	0.08637134085
333	0.08623867648
334	0.0861108839
335	0.08600076592
336	0.08589314114
337	0.08575279632
338	0.08559028449
339	0.08547892149
340	0.08530950477
341	0.08518869713
342	0.08501747082
343	0.08498001791
344	0.0848022602
345	0.08468591927
346	0.08459953937
347	0.08449490932
348	0.0843627878
349	0.08427559745
350	0.08416120234
351	0.08402554452
352	0.08390140768
353	0.08381020146
354	0.08369164431
355	0.08357066306
356	0.08344796489
357	0.08333198838
358	0.08329979142
359	0.08320685192
360	0.08316709602
361	0.08313376192
362	0.08302039288
363	0.08298384065
364	0.08279950107
365	0.08268539817
366	0.0826508455
367	0.08251217554
368	0.08239605199
369	0.08228253805
370	0.08215946509
371	0.08201214105
372	0.08188877991
373	0.08173216367
374	0.08169119636
375	0.0816650043
376	0.08163902542
377	0.08156389452
378	0.08148549878
379	0.08138183261
380	0.08128946499
381	0.08118059572
382	0.08107991451
383	0.08105698688
384	0.08104109235
385	0.08096042423
386	0.08085192729
387	0.08077993327
388	0.08076807861
389	0.08074943582
390	0.0806544638
391	0.08053711582
392	0.08041807096
393	0.08030623729
394	0.08019239987
395	0.0800549993
396	0.07994818479
397	0.07982557176
398	0.07972452495
399	0.07963725273
400	0.07953164506
401	0.07939699108
402	0.07929489605
403	0.0791586564
404	0.07901605143
405	0.07891933698
406	0.07885140407
407	0.07877496499
408	0.07875467858
409	0.07868065704
410	0.07858860605
411	0.07848937691
412	0.07837552973
413	0.07826453184
414	0.07815756879
415	0.07813812599
416	0.07803698776
417	0.07793686559
418	0.07783712483
419	0.07769026148
420	0.07764688227
421	0.07753423254
422	0.07746114202
423	0.07731786302
424	0.07716709609
425	0.07705612467
426	0.076943719
427	0.07682550006
428	0.0767022019
429	0.07657322945
430	0.07650960743
431	0.07642046382
432	0.07633966539
433	0.0762898472
434	0.07614778666
435	0.07600239223
436	0.07587011108
437	0.07575012951
438	0.07562916619
439	0.07560890826
440	0.07553432967
441	0.07546726889
442	0.07539340475
443	0.07527659007
444	0.07524771376
445	0.07516541184
446	0.07506930072
447	0.07500042077
448	0.07486816479
449	0.07479652235
450	0.07475012661
451	0.07463377477
452	0.07455300859
453	0.07446504328
454	0.07435296406
455	0.07426583776
456	0.0741440024
457	0.07406662974
458	0.07401949655
459	0.07392248155
460	0.07384504793
461	0.07376834445
462	0.07369511342
463	0.07357794648
464	0.07350762131
465	0.07340307949
466	0.0733329118
467	0.07324189239
468	0.07312506386
469	0.07304192179
470	0.07294119307
471	0.0729231787
472	0.07281976522
473	0.07270840212
474	0.07264287549
475	0.07248933631
476	0.07237010216
477	0.07228201881
478	0.07220000905
479	0.07209087158
480	0.07201036689
481	0.07193266644
482	0.07184025835
483	0.0717445396
484	0.071693632
485	0.071627693
486	0.07151391809
487	0.07146094179
488	0.07134540395
489	0.07133039668
490	0.07126545637
491	0.07117535006
492	0.07109722403
493	0.07104715714
494	0.07093723258
495	0.07086638508
496	0.07078305345
497	0.07069596191
498	0.07061885527
499	0.07056899676
500	0.07051923995
501	0.07045896507
502	0.07043948295
503	0.07036608799
504	0.0702532234
505	0.07019815889
506	0.07011011143
507	0.07004921491
508	0.06997152629
509	0.06995406489
510	0.06988643861
511	0.06980401643
512	0.069733279
513	0.06965081577
514	0.06955146391
515	0.06946641885
516	0.06941248053
517	0.06939208889
518	0.06932462439
519	0.06930686002
520	0.06922377827
521	0.06912420518
522	0.06899017742
523	0.06897001516
524	0.06887422488
525	0.06879632865
526	0.06870531084
527	0.06864232888
528	0.06857193082
529	0.06848341307
530	0.06838367779
531	0.06830614679
532	0.068221975
533	0.06814852122
534	0.06806388349
535	0.06798743222
536	0.06791754977
537	0.06786452216
538	0.0678022617
539	0.06773239302
540	0.0676796388
541	0.067603987
542	0.06751347563
543	0.06739410312
544	0.06734485745
545	0.06727633102
546	0.06726422661
547	0.06720137158
548	0.06713094431
549	0.06705697376
550	0.06698045414
551	0.06691443605
552	0.06684484919
553	0.06683022742
554	0.06680512978
555	0.06679381379
556	0.06672013
557	0.06665562066
558	0.06658188012
559	0.06650780452
560	0.06643405696
561	0.06635566147
562	0.06627408641
563	0.06619020396
564	0.06612190021
565	0.06604520276
566	0.0659307393
567	0.06584702135
568	0.06579069549
569	0.06567992584
570	0.06562579655
571	0.0655222579
572	0.065417504
573	0.06535973724
574	0.06528308619
575	0.06523963358
576	0.06514068115
577	0.06508629999
578	0.06503317844
579	0.06495493325
580	0.06491686683
581	0.06487485656
582	0.06478392651
583	0.06474475907
584	0.06465248116
585	0.06459803291
586	0.06452066992
587	0.06444548608
588	0.0643729084
589	0.06428617212
590	0.06424098019
591	0.06416726092
592	0.06415391614
593	0.06408234366
594	0.06400362378
595	0.06393675355
596	0.0638565667
597	0.06379763899
598	0.06372696821
599	0.06364947755
600	0.0635789342
601	0.06351679479
602	0.06343409651
603	0.06336289388
604	0.06328572207
605	0.0632270668
606	0.06314258183
607	0.06304997951
608	0.06294620565
609	0.06289779642
610	0.06283114682
611	0.0627825214
612	0.06271850503
613	0.06265670111
614	0.06256652583
615	0.06248913393
616	0.06247832729
617	0.06245369516
618	0.06237881385
619	0.06229204908
620	0.06220821357
621	0.06212045072
622	0.0620577318
623	0.06199936477
624	0.06198746021
625	0.06191067962
626	0.06186487959
627	0.06181544507
628	0.06173910269
629	0.06171723026
630	0.06170392534
631	0.061649713
632	0.06159857198
633	0.061534146
634	0.06152478301
635	0.06147788081
636	0.06138755994
637	0.06133151857
638	0.06126718114
639	0.06125626706
640	0.0612019581
641	0.06115358404
642	0.06109850616
643	0.06103848572
644	0.06093671501
645	0.06085671053
646	0.06081611463
647	0.06074298553
648	0.06073271885
649	0.06065247906
650	0.06057129858
651	0.060509979
652	0.06045310979
653	0.06039405029
654	0.06030025983
655	0.06025647428
656	0.06019983401
657	0.06012114828
658	0.06005160566
659	0.05999980949
660	0.05992330734
661	0.05991525735
662	0.05990662524
663	0.0598468273
664	0.05977970147
665	0.05975210702
666	0.05972811129
667	0.05966890658
668	0.05956956326
669	0.05948584201
670	0.05945045656
671	0.05940053068
672	0.05934427059
673	0.05926239171
674	0.05918998469
675	0.05912135894
676	0.05908206086
677	0.05906293227
678	0.05902034332
679	0.05890629381
680	0.05883347138
681	0.05876370323
682	0.05873409819
683	0.05867170996
684	0.05856278696
685	0.05850400736
686	0.05843477775
687	0.05839600069
688	0.05831884474
689	0.05826734137
690	0.05817164594
691	0.05810689317
692	0.05809606806
693	0.05803375685
694	0.05795895925
695	0.05790567904
696	0.05784303655
697	0.05779705465
698	0.05776230265
699	0.0577528823
700	0.05767537472
701	0.05760308151
702	0.05755391799
703	0.05750136482
704	0.05743981645
705	0.05743259016
706	0.05738709769
707	0.0573354822
708	0.05732494119
709	0.05726969084
710	0.05721379639
711	0.05717106539
712	0.05711915086
713	0.05708367794
714	0.05700978917
715	0.05695601239
716	0.05689962811
717	0.05689129707
718	0.05682030247
719	0.05676333067
720	0.05671017918
721	0.05664201627
722	0.056580223
723	0.05653036863
724	0.05648223422
725	0.05644994367
726	0.05641850546
727	0.05636309333
728	0.05628547798
729	0.0562377325
730	0.05616785712
731	0.05610371099
732	0.05605854764
733	0.05599054476
734	0.05594051562
735	0.05588641589
736	0.05580910344
737	0.05575356785
738	0.05574361353
739	0.05573500998
740	0.05566882082
741	0.0556615137
742	0.05559540574
743	0.0555423534
744	0.05550307585
745	0.05546330913
746	0.05539944609
747	0.05539054072
748	0.0553287134
749	0.05526220377
750	0.05520010727
751	0.05515626755
752	0.05510937571
753	0.05503404292
754	0.05499615875
755	0.05493279495
756	0.0548675628
757	0.05481488059
758	0.05480031147
759	0.05476400968
760	0.05468731129
761	0.05463079993
762	0.05458525951
763	0.05457661903
764	0.05457263983
765	0.05453263879
766	0.05448555448
767	0.05443129719
768	0.05441278538
769	0.05440925326
770	0.05433751462
771	0.05430193764
772	0.05426282374
773	0.0541998219
774	0.05412821275
775	0.05406855849
776	0.05401001364
777	0.05395933889
778	0.05390350338
779	0.05385202719
780	0.05380947251
781	0.05378177373
782	0.05375242997
783	0.05374133704
784	0.05368042181
785	0.05362636618
786	0.05355912466
787	0.05350684773
788	0.05349979088
789	0.05340867032
790	0.05334250786
791	0.05327813233
792	0.05320669532
793	0.05313794774
794	0.05305098294
795	0.05300277286
796	0.05299361157
797	0.05292556638
798	0.05286333612
799	0.05278676453
800	0.05278269702
801	0.05277358585
802	0.05272934718
803	0.05267885884
804	0.0526230236
805	0.05258966219
806	0.05253077868
807	0.05249477624
808	0.05243677085
809	0.05238617454
810	0.05238288395
811	0.05232955643
812	0.05227362815
813	0.05218638216
814	0.05208697679
815	0.05204075569
816	0.05198164572
817	0.05189932063
818	0.05184022211
819	0.05179699499
820	0.05171367844
821	0.05166503795
822	0.05161298723
823	0.05156623826
824	0.05156279433
825	0.05148290505
826	0.05142862114
827	0.05138305855
828	0.0513324056
829	0.05128674276
830	0.05123033091
831	0.05118305494
832	0.05113676211
833	0.05109051904
834	0.05103018549
835	0.05097785634
836	0.05091941683
837	0.05087696422
838	0.05082378281
839	0.05079288784
840	0.05076336653
841	0.05075334289
842	0.05070978093
843	0.05065622406
844	0.05061038907
845	0.05055128424
846	0.05046788264
847	0.05044820575
848	0.05040208522
849	0.05036140434
850	0.05032785804
851	0.05028356249
852	0.05022669318
853	0.05017391602
854	0.05008946562
855	0.05003276617
856	0.0499900363
857	0.04993367597
858	0.04990059827
859	0.0498499608
860	0.04982334458
861	0.04976877807
862	0.0497137062
863	0.04966142409
864	0.04960813976
865	0.04956170516
866	0.04950953929
867	0.04947704825
868	0.04942700992
869	0.04938423045
870	0.04933618603
871	0.04927282484
872	0.04923356667
873	0.04919545349
874	0.04917804489
875	0.04913944235
876	0.04909831185
877	0.04904390163
878	0.04902791672
879	0.048998213
880	0.04896102686
881	0.04895719625
882	0.04891549196
883	0.04883386983
884	0.04878175847
885	0.04874716124
886	0.04870388273
887	0.04865398344
888	0.04860047053
889	0.04859283413
890	0.04854337115
891	0.04853379085
892	0.04850460073
893	0.04844273264
894	0.04839862514
895	0.04839365416
896	0.0483498206
897	0.04831115475
898	0.04827821806
899	0.04823986513
900	0.04819421511
901	0.04810845641
902	0.04806442863
903	0.04799953074
904	0.04793017895
905	0.04789168151
906	0.04783136693
907	0.04776738861
908	0.04771681897
909	0.04767147072
910	0.04763060111
911	0.04757835722
912	0.0475731407
913	0.04751798224
914	0.04746839235
915	0.04741157387
916	0.04737420629
917	0.04733187752
918	0.04729703843
919	0.04725743538
920	0.04722088357
921	0.04720972667
922	0.04716472713
923	0.04711681498
924	0.04708787077
925	0.04705321418
926	0.04703101249
927	0.04700088624
928	0.04699737673
929	0.04696908413
930	0.04692527727
931	0.04683950996
932	0.04680401476
933	0.04680062617
934	0.04679318326
935	0.04673829454
936	0.04670120194
937	0.04667652588
938	0.04661029451
939	0.0465584752
940	0.04649654829
941	0.04645942955
942	0.04643656678
943	0.04639219396
944	0.04636868268
945	0.04627122124
946	0.04626456352
947	0.04620781989
948	0.0461737358
949	0.04612664406
950	0.04606734731
951	0.04605852595
952	0.04602962317
953	0.0460270056
954	0.04598818194
955	0.04594602863
956	0.04590753087
957	0.04586201151
958	0.04582660199
959	0.04575008727
960	0.04571864622
961	0.04568666259
962	0.04566496178
963	0.04566228303
964	0.04560981216
965	0.04557132866
966	0.04552338725
967	0.04551722471
968	0.04546053731
969	0.04545689381
970	0.04542783812
971	0.04538514718
972	0.04534686135
973	0.0452902586
974	0.04528354912
975	0.04525724997
976	0.04523215448
977	0.04518130977
978	0.04512784591
979	0.0450737592
980	0.04498554071
981	0.04491830739
982	0.04488353057
983	0.04487930628
984	0.04483011411
985	0.04480145229
986	0.04478070681
987	0.04475656467
988	0.04471372044
989	0.04467601578
990	0.04464352236
991	0.04460448552
992	0.04458497191
993	0.04455456066
994	0.04452094243
995	0.04444435673
996	0.04441329878
997	0.04436734596
998	0.04433332095
999	0.04429552803
1000	0.04425270148
1001	0.0441927403
1002	0.04414913014
1003	0.04411109264
1004	0.04405742025
1005	0.04402859573
1006	0.04397510274
1007	0.04395596484
1008	0.04392174741
1009	0.04391758303
1010	0.04388602481
1011	0.04383911899
1012	0.04379773803
1013	0.04374807437
1014	0.04370712885
1015	0.04365049952
1016	0.04359169314
1017	0.04355197829
1018	0.04351365999
1019	0.04347176136
1020	0.04342347274
1021	0.04341757883
1022	0.04338393718
1023	0.04336905971
1024	0.04333021171
1025	0.04329211532
1026	0.04322899077
1027	0.04320235623
1028	0.04315175183
1029	0.04311119658
1030	0.04307761433
1031	0.04307187942
1032	0.04302525334
1033	0.0430000334
1034	0.04296561961
1035	0.04291779726
1036	0.04288722693
1037	0.04285037037
1038	0.04281806081
1039	0.04279295016
1040	0.04279028489
1041	0.04275096397
1042	0.04271805234
1043	0.04271280438
1044	0.04267180118
1045	0.04266450401
1046	0.04262565921
1047	0.04259566458
1048	0.04255974913
1049	0.04253635929
1050	0.04251987694
1051	0.04251486541
1052	0.04248188122
1053	0.04246151686
1054	0.04241244717
1055	0.04236417346
1056	0.04232930945
1057	0.04229148959
1058	0.04223777059
1059	0.04219701204
1060	0.04216480092
1061	0.04212950865
1062	0.04209280234
1063	0.04208823834
1064	0.04204458692
1065	0.04201541384
1066	0.04200024723
1067	0.04196849414
1068	0.04191799586
1069	0.04191472995
1070	0.04188094789
1071	0.04185176595
1072	0.04180448405
1073	0.04174579467
1074	0.04172249323
1075	0.04167823057
1076	0.04167536161
1077	0.04163280698
1078	0.04162922793
1079	0.04159878295
1080	0.04156658751
1081	0.04152111057
1082	0.04148696299
1083	0.04142689621
1084	0.04142089858
1085	0.04139246286
1086	0.04133823465
1087	0.04131634797
1088	0.04127886462
1089	0.04122623187
1090	0.04120058891
1091	0.04116450202
1092	0.04113536924
1093	0.04113243279
1094	0.04108066051
1095	0.04107106827
1096	0.04104253965
1097	0.04100656404
1098	0.04100482111
1099	0.04098588204
1100	0.04093710587
1101	0.04089757692
1102	0.04086914789
1103	0.04086640755
1104	0.04083737687
1105	0.04079038881
1106	0.04074787379
1107	0.04072941328
1108	0.04067738856
1109	0.04063422303
1110	0.04063207548
1111	0.04059212983
1112	0.04055465562
1113	0.04050534743
1114	0.04045691227
1115	0.04042135192
1116	0.04038813789
1117	0.04038424635
1118	0.04036564902
1119	0.04028631349
1120	0.04026859983
1121	0.04026299487
1122	0.04022284888
1123	0.0402203436
1124	0.04017958005
1125	0.04017598133
1126	0.04015842855
1127	0.04011842611
1128	0.04009067512
1129	0.04005276881
1130	0.04001286292
1131	0.03998464143
1132	0.03997128674
1133	0.03992925148
1134	0.03990532296
1135	0.03985310359
1136	0.03985027084
1137	0.03981134986
1138	0.03977860275
1139	0.03974532795
1140	0.03974277994
1141	0.03968702668
1142	0.039651175
1143	0.03963040575
1144	0.03962834103
1145	0.03957910861
1146	0.03952829244
1147	0.03952448703
1148	0.03946713944
1149	0.03945400489
1150	0.03942136734
1151	0.03940885399
1152	0.03940572083
1153	0.03936556014
1154	0.0393215033
1155	0.03930314803
1156	0.03927167482
1157	0.03924567223
1158	0.03920293124
1159	0.03920126016
1160	0.03917002179
1161	0.03913330644
1162	0.03909433892
1163	0.03905518388
1164	0.0390173066
1165	0.03897402802
1166	0.03893613852
1167	0.03888675156
1168	0.03885914146
1169	0.03883718468
1170	0.03880930831
1171	0.03877860599
1172	0.03873266684
1173	0.03869538893
1174	0.03866514441
1175	0.03864260682
1176	0.03863880189
1177	0.03861327702
1178	0.03860123437
1179	0.03854055855
1180	0.03852260556
1181	0.03848550054
1182	0.03842772581
1183	0.03839453927
1184	0.03835576611
1185	0.03832829118
1186	0.03827859345
1187	0.03822256664
1188	0.03817692508
1189	0.03814688581
1190	0.03811337911
1191	0.03809335441
1192	0.03806047063
1193	0.03805070292
1194	0.03802759895
1195	0.03799920729
1196	0.03796934511
1197	0.03793175033
1198	0.03790423252
1199	0.03788255261
1200	0.03787814655
1201	0.03783953077
1202	0.03780226181
1203	0.03776845834
1204	0.03772346876
1205	0.03772066744
1206	0.03771748071
1207	0.03768555388
1208	0.03766967025
1209	0.0376263701
1210	0.03758748303
1211	0.0375593781
1212	0.03754740617
1213	0.0375108482
1214	0.03748692983
1215	0.03744076739
1216	0.03739698114
1217	0.03736082048
1218	0.03733515403
1219	0.03729260984
1220	0.03727596419
1221	0.037246894
1222	0.03721139323
1223	0.03719560658
1224	0.03719148788
1225	0.03714206978
1226	0.03711032455
1227	0.03708712548
1228	0.03705382372
1229	0.03701528986
1230	0.0370047076
1231	0.03697900642
1232	0.03695165412
1233	0.03691973566
1234	0.03688917328
1235	0.03686293173
1236	0.03684996284
1237	0.03681548769
1238	0.03677630142
1239	0.03677482937
1240	0.0367725096
1241	0.03674351764
1242	0.03669239421
1243	0.03669029733
1244	0.03667679944
1245	0.03664977671
1246	0.03661390451
1247	0.03659008872
1248	0.03654725942
1249	0.03653727888
1250	0.03651452725
1251	0.03645678328
1252	0.03641749304
1253	0.03640430451
1254	0.03640270865
1255	0.03638641562
1256	0.03638488717
1257	0.03636783735
1258	0.03632019141
1259	0.03628711856
1260	0.03626650948
1261	0.03626504149
1262	0.03622886143
1263	0.03619415728
1264	0.03618335703
1265	0.03614996588
1266	0.03609813512
1267	0.03606953787
1268	0.0360512419
1269	0.03604937438
1270	0.03601238719
1271	0.03600971487
1272	0.03598512836
1273	0.03593051686
1274	0.03592791242
1275	0.03588863417
1276	0.03586971651
1277	0.03584384814
1278	0.03580925541
1279	0.03578184924
1280	0.03575478228
1281	0.03573881155
1282	0.03571927113
1283	0.03571530084
1284	0.03567995053
1285	0.03564415141
1286	0.03562040156
1287	0.03558910285
1288	0.03554881969
1289	0.03550923047
1290	0.03550422421
1291	0.03549655518
1292	0.03544768563
1293	0.03543154163
1294	0.03539202284
1295	0.03536324336
1296	0.03534472482
1297	0.03530975431
1298	0.03529071909
1299	0.03525240861
1300	0.03525055365
1301	0.03523169748
1302	0.03519874463
1303	0.03517328036
1304	0.03514786558
1305	0.03513288057
1306	0.03510586588
1307	0.03507049998
1308	0.03506739267
1309	0.03504858492
1310	0.03502513951
1311	0.03496203627
1312	0.0349165008
1313	0.03491484805
1314	0.03488649221
1315	0.0348595259
1316	0.03482131993
1317	0.03479736988
1318	0.03477273681
1319	0.03475682145
1320	0.03470224822
1321	0.03469995306
1322	0.03467930011
1323	0.03464283154
1324	0.03461137045
1325	0.03457464424
1326	0.03455047615
1327	0.0345138695
1328	0.03445709827
1329	0.03443588156
1330	0.03438817602
1331	0.03438675217
1332	0.03435388541
1333	0.03431455456
1334	0.034312824
1335	0.03428623747
1336	0.03428160253
1337	0.03426359275
1338	0.03425655109
1339	0.03421528423
1340	0.03417825548
1341	0.03417636052
1342	0.03413807846
1343	0.03411600391
1344	0.03406203584
1345	0.03403898402
1346	0.03401527601
1347	0.03401373872
1348	0.03399284514
1349	0.03397783201
1350	0.03397650119
1351	0.03394409033
1352	0.03392471183
1353	0.03392295107
1354	0.03389092305
1355	0.03385626075
1356	0.03382703552
1357	0.03382005456
1358	0.03378642306
1359	0.03377654942
1360	0.03376859117
1361	0.03375312048
1362	0.03373775648
1363	0.03370001918
1364	0.03368913809
1365	0.03364946741
1366	0.03361261142
1367	0.03359585492
1368	0.03359411948
1369	0.03357722212
1370	0.03356898585
1371	0.03352590217
1372	0.03350446748
1373	0.03348050489
1374	0.03344640083
1375	0.0334416405
1376	0.03340193022
1377	0.0333457335
1378	0.03333885648
1379	0.0332855529
1380	0.03325780517
1381	0.0332484458
1382	0.03324719298
1383	0.03322033646
1384	0.03318882189
1385	0.03315953944
1386	0.03312517247
1387	0.03308138624
1388	0.03305789023
1389	0.03302504758
1390	0.03302202965
1391	0.03299295436
1392	0.03297162367
1393	0.03295236357
1394	0.03292324767
1395	0.03290308027
1396	0.03289725473
1397	0.03283912201
1398	0.0328107543
1399	0.03278811894
1400	0.03277973672
1401	0.03275175638
1402	0.03275046001
1403	0.03273025275
1404	0.03271164121
1405	0.03268765401
1406	0.03264304866
1407	0.03261538553
1408	0.03259119952
1409	0.03258560656
1410	0.0325312121
1411	0.03253000878
1412	0.03249834081
1413	0.03246635385
1414	0.03244303109
1415	0.03242512213
1416	0.03239918796
1417	0.03236434235
1418	0.03233442492
1419	0.03232025851
1420	0.03230062437
1421	0.03228330652
1422	0.03227060734
1423	0.0322265573
1424	0.03220589316
1425	0.03217025903
1426	0.03215569608
1427	0.03212261886
1428	0.03208441653
1429	0.03205312962
1430	0.03203635848
1431	0.03201338772
1432	0.03199867324
1433	0.03199647397
1434	0.03195908116
1435	0.03191441397
1436	0.03190584248
1437	0.0318853192
1438	0.03185095461
1439	0.03181998823
1440	0.03180503604
1441	0.03178162473
1442	0.03175859856
1443	0.03175485761
1444	0.03172325063
1445	0.03170110263
1446	0.03167773055
1447	0.03166382317
1448	0.03164671386
1449	0.03161094304
1450	0.03156610835
1451	0.03155377418
1452	0.03151559469
1453	0.03149614845
1454	0.03148076399
1455	0.03144634382
1456	0.03140033083
1457	0.03139877644
1458	0.0313755117
1459	0.03135924163
1460	0.03133769791
1461	0.03128654266
1462	0.03125475593
1463	0.03122278705
1464	0.03119062811
1465	0.03118891258
1466	0.03116627343
1467	0.03114365344
1468	0.03111594534
1469	0.03109130151
1470	0.03105940579
1471	0.03103644992
1472	0.03103537007
1473	0.03103363977
1474	0.03102875216
1475	0.03100314277
1476	0.0309732403
1477	0.03095079979
1478	0.03093831454
1479	0.0309166589
1480	0.03091522744
1481	0.03091376862
1482	0.03089464555
1483	0.03087139615
1484	0.03083266777
1485	0.03079513713
1486	0.03075904629
1487	0.03074747834
1488	0.03070784945
1489	0.03066296326
1490	0.03061933211
1491	0.03059653704
1492	0.03056876806
1493	0.03054546836
1494	0.03050966874
1495	0.03050234036
1496	0.03048321024
1497	0.03045616266
1498	0.03043659075
1499	0.03042106124
1500	0.03040250613
1501	0.03040063363
1502	0.03039111635
1503	0.03036018957
1504	0.03033020037
1505	0.03029345093
1506	0.03026263115
1507	0.03023316194
1508	0.03021022096
1509	0.03020285123
1510	0.03017492758
1511	0.03016746955
1512	0.03016603508
1513	0.03012165261
1514	0.030105471
1515	0.03009015043
1516	0.03007278156
1517	0.03007136497
1518	0.03005225998
1519	0.03003900535
1520	0.03002734603
1521	0.03000209716
1522	0.03000041837
1523	0.0299745324
1524	0.02994371759
1525	0.0299232977
1526	0.02988243724
1527	0.02986385652
1528	0.02984140619
1529	0.02979550028
1530	0.02977157211
1531	0.02974230943
1532	0.02969914728
1533	0.02967989494
1534	0.02966124944
1535	0.02964414048
1536	0.02964274462
1537	0.02962147808
1538	0.02959800431
1539	0.02959445782
1540	0.02957664659
1541	0.02954856434
1542	0.02949690067
1543	0.02948114094
1544	0.02945959936
1545	0.02942404461
1546	0.02940102817
1547	0.02938188517
1548	0.0293599567
1549	0.02934876867
1550	0.02932645335
1551	0.02929999124
1552	0.02929789088
1553	0.02927929595
1554	0.02924302546
1555	0.02922801264
1556	0.0292270618
1557	0.02919712806
1558	0.02915271196
1559	0.02913357703
1560	0.02910416876
1561	0.02907431328
1562	0.02904999109
1563	0.02903174078
1564	0.02901838637
1565	0.02901727659
1566	0.02901581282
1567	0.02899454629
1568	0.02897050492
1569	0.02894575473
1570	0.02892093159
1571	0.02891051824
1572	0.0288895515
1573	0.02886576636
1574	0.02884654341
1575	0.02880801903
1576	0.02880463627
1577	0.02878988984
1578	0.02877094215
1579	0.02873734295
1580	0.02870375609
1581	0.02868928134
1582	0.02867591887
1583	0.02865666348
1584	0.02863861173
1585	0.02862757048
1586	0.02858863087
1587	0.02855419072
1588	0.02854008503
1589	0.02850330773
1590	0.02847784089
1591	0.02844841603
1592	0.02840901526
1593	0.02838911637
1594	0.02838819272
1595	0.02835968648
1596	0.02833524111
1597	0.02830926772
1598	0.02826879605
1599	0.02824187284
1600	0.02822487426
1601	0.02822227099
1602	0.02822121391
1603	0.02819855891
1604	0.0281673118
1605	0.0281510506
1606	0.02812475072
1607	0.02809199066
1608	0.02805984647
1609	0.02805894947
1610	0.02805789695
1611	0.02804883622
1612	0.02802497757
1613	0.02802421207
1614	0.02800770222
1615	0.02800644429
1616	0.0279829635
1617	0.02795084332
1618	0.0279431843
1619	0.02794233868
1620	0.02790659227
1621	0.02790549008
1622	0.02788920555
1623	0.02785917011
1624	0.02785822215
1625	0.02783097765
1626	0.02781557932
1627	0.02778447722
1628	0.02777565332
1629	0.02776169861
1630	0.02771937782
1631	0.02770377292
1632	0.02765515229
1633	0.02763720801
1634	0.02761361946
1635	0.02758387992
1636	0.02756969374
1637	0.02753789909
1638	0.0275310155
1639	0.02750673785
1640	0.02750573932
1641	0.02750098831
1642	0.02749896134
1643	0.02746820507
1644	0.02742409871
1645	0.0274050484
1646	0.0274042048
1647	0.0273833387
1648	0.02736382624
1649	0.02735723663
1650	0.02733560764
1651	0.0273103391
1652	0.02729389012
1653	0.02727272812
1654	0.02725785442
1655	0.02722663366
1656	0.02722580654
1657	0.02720319458
1658	0.02716914163
1659	0.02716750497
1660	0.02714734736
1661	0.02714199127
1662	0.02711178695
1663	0.02707071477
1664	0.02704600372
1665	0.02703256912
1666	0.02700890938
1667	0.02697571244
1668	0.02694970684
1669	0.0269368713
1670	0.02691281431
1671	0.0268912148
1672	0.02687690384
1673	0.02684759793
1674	0.02680421364
1675	0.02679047175
1676	0.02677790607
1677	0.02676399427
1678	0.02673232367
1679	0.02670507981
1680	0.02668798715
1681	0.02667567067
1682	0.02665044557
1683	0.02664666372
1684	0.0266232221
1685	0.0266019828
1686	0.02656845463
1687	0.02656744855
1688	0.02654902058
1689	0.02653602621
1690	0.02652115535
1691	0.02651491869
1692	0.02648572622
1693	0.02646378123
1694	0.02645142731
1695	0.02643683221
1696	0.02641636896
1697	0.02641468075
1698	0.02638112461
1699	0.0263777062
1700	0.02636978722
1701	0.02636212368
1702	0.02634575908
1703	0.02632082962
1704	0.02629645864
1705	0.02627391411
1706	0.02625360568
1707	0.02622456336
1708	0.02619826039
1709	0.0261975982
1710	0.02616818639
1711	0.02616460861
1712	0.02612863687
1713	0.02611692062
1714	0.02609464738
1715	0.02606986714
1716	0.02604815138
1717	0.02604638398
1718	0.02604498994
1719	0.02603533177
1720	0.02600075635
1721	0.02600007163
1722	0.02597645723
1723	0.02594037103
1724	0.02593694225
1725	0.02592154252
1726	0.02589743534
1727	0.02588175394
1728	0.02586207157
1729	0.02583397555
1730	0.02579782612
1731	0.02578142745
1732	0.02576678489
1733	0.02575888908
1734	0.02574853268
1735	0.02573582716
1736	0.02571169794
1737	0.02569095557
1738	0.02566195721
1739	0.02563901564
1740	0.02560832622
1741	0.02559482147
1742	0.02558141832
1743	0.02555369523
1744	0.02553432119
1745	0.02551558432
1746	0.02549179057
1747	0.02547385854
1748	0.02547289993
1749	0.02545948391
1750	0.02542582778
1751	0.02539573432
1752	0.02538574238
1753	0.02538456856
1754	0.0253825507
1755	0.02537236355
1756	0.02535420386
1757	0.02534743305
1758	0.02534464254
1759	0.02533046649
1760	0.02531944231
1761	0.02530371895
1762	0.02530296959
1763	0.02528232809
1764	0.02526146715
1765	0.02523366512
1766	0.02520086412
1767	0.02520012981
1768	0.02517033758
1769	0.02515262751
1770	0.02512242545
1771	0.02509893908
1772	0.02508163242
1773	0.02505408223
1774	0.02504096909
1775	0.02502744927
1776	0.02500035231
1777	0.02498378576
1778	0.02496028761
1779	0.02493925539
1780	0.02492764126
1781	0.02491114354
1782	0.02490078883
1783	0.02487460544
1784	0.02484097124
1785	0.0248226278
1786	0.02479436688
1787	0.02477746004
1788	0.02475103822
1789	0.02472402968
1790	0.024696867
1791	0.02467837825
1792	0.02465536702
1793	0.02465319083
1794	0.0246326556
1795	0.0246280812
1796	0.02462127703
1797	0.02460090765
1798	0.02458145736
1799	0.0245622072
1800	0.02454925762
1801	0.0245318466
1802	0.02451339563
1803	0.0244815081
1804	0.02445119296
1805	0.0244504735
1806	0.02442655805
1807	0.02441817923
1808	0.02440362242
1809	0.02438433905
1810	0.02435981749
1811	0.02433489257
1812	0.02430126168
1813	0.02429955543
1814	0.02428266254
1815	0.02426814685
1816	0.02426193496
1817	0.02423103461
1818	0.02420512127
1819	0.0241992339
1820	0.02417459939
1821	0.02414936355
1822	0.02413897596
1823	0.02412989141
1824	0.02411864727
1825	0.02410459969
1826	0.02410292748
1827	0.02407427659
1828	0.02406466704
1829	0.02403584049
1830	0.02401792924
1831	0.02401375153
1832	0.02399002454
1833	0.02397019448
1834	0.02396343469
1835	0.02394247227
1836	0.02391423489
1837	0.02389601637
1838	0.02389186348
1839	0.02388002876
1840	0.0238745528
1841	0.02385333828
1842	0.02383812022
1843	0.02382920679
1844	0.023828282
1845	0.02381419024
1846	0.02378515431
1847	0.02376371096
1848	0.02375862419
1849	0.02374172753
1850	0.0237144476
1851	0.02369707071
1852	0.02367275966
1853	0.02364665421
1854	0.0236350147
1855	0.0236133276
1856	0.02359158225
1857	0.02357429376
1858	0.02354930091
1859	0.02353791874
1860	0.02352927566
1861	0.02352494618
1862	0.02349275416
1863	0.02347348079
1864	0.02345989289
1865	0.02344914123
1866	0.02342416443
1867	0.02342324344
1868	0.02341621589
1869	0.02340577035
1870	0.02338608622
1871	0.02337180046
1872	0.02336319484
1873	0.02334809731
1874	0.02332832151
1875	0.02330041526
1876	0.02328555269
1877	0.02325547462
1878	0.02323131232
1879	0.02321519685
1880	0.02319458743
1881	0.02317911843
1882	0.02317554905
1883	0.02315914382
1884	0.02315112361
1885	0.02313128956
1886	0.02311862326
1887	0.0231071143
1888	0.02308453481
1889	0.02308192935
1890	0.02306917769
1891	0.02305670338
1892	0.02305011523
1893	0.02304844193
1894	0.02302758747
1895	0.02302197276
1896	0.0230018978
1897	0.02299171718
1898	0.02296868353
1899	0.02296419868
1900	0.02294822847
1901	0.02293270489
1902	0.02291716556
1903	0.02290083661
1904	0.02288875558
1905	0.02285047843
1906	0.02283204622
1907	0.02282894209
1908	0.02281712998
1909	0.02279473805
1910	0.0227795991
1911	0.02277100542
1912	0.02276960292
1913	0.02274661528
1914	0.02272288754
1915	0.02269343134
1916	0.02267924774
1917	0.02265858242
1918	0.02264570132
1919	0.02262916386
1920	0.02261423036
1921	0.02259665527
1922	0.02259430317
1923	0.02258149715
1924	0.02254572833
1925	0.02254474381
1926	0.02252761634
1927	0.02251689227
1928	0.02249711266
1929	0.02248502218
1930	0.02245769829
1931	0.02243717193
1932	0.0224285776
1933	0.0224164198
1934	0.02241564249
1935	0.02240655948
1936	0.02238316044
1937	0.02237075088
1938	0.02234278394
1939	0.02232553271
1940	0.02230060378
1941	0.02228638045
1942	0.02228439962
1943	0.02228359132
1944	0.02227450242
1945	0.02226557095
1946	0.02226077042
1947	0.02224773865
1948	0.02221992544
1949	0.02220945108
1950	0.02219553424
1951	0.02217307251
1952	0.02215622603
1953	0.02214104343
1954	0.02211857485
1955	0.02210930392
1956	0.02209883409
1957	0.0220860347
1958	0.02206833648
1959	0.02205237862
1960	0.02204931894
1961	0.02203075853
1962	0.02200778153
1963	0.02198934857
1964	0.02196819803
1965	0.02195864511
1966	0.02194153487
1967	0.02192914429
1968	0.02190907735
1969	0.02188391722
1970	0.02185959854
1971	0.02185792553
1972	0.02185614374
1973	0.02185566123
1974	0.02183718169
1975	0.02183141066
1976	0.02181089365
1977	0.02181027786
1978	0.02178693088
1979	0.02176074943
1980	0.021732946
1981	0.02171980542
1982	0.02170854528
1983	0.02168372072
1984	0.02166148726
1985	0.02164957014
1986	0.02161900526
1987	0.02159762086
1988	0.02157220641
1989	0.02157128759
1990	0.02154121072
1991	0.02152632249
1992	0.02151668062
1993	0.02149517972
1994	0.02148282272
1995	0.02145212838
1996	0.02142998167
1997	0.02140868982
1998	0.0214003441
1999	0.02139552227
2000	0.02138426977
2001	0.02136646331
2002	0.02136195322
2003	0.02134903473
2004	0.02132892376
2005	0.02130763105
2006	0.02128693063
2007	0.02127036682
2008	0.02126165792
2009	0.02126105829
2010	0.0212486186
2011	0.02122815613
2012	0.021219434
2013	0.02121294099
2014	0.0211948331
2015	0.02117473748
2016	0.02116733737
2017	0.02115687576
2018	0.0211497111
2019	0.02114148773
2020	0.0211223545
2021	0.02110654796
2022	0.02109423912
2023	0.02108594938
2024	0.02107464379
2025	0.02107385968
2026	0.02106410154
2027	0.02104773287
2028	0.02102355606
2029	0.02101329236
2030	0.02099735013
2031	0.02097621773
2032	0.02094690773
2033	0.02092689897
2034	0.02091679605
2035	0.02088646666
2036	0.0208789433
2037	0.02086890997
2038	0.02084383278
2039	0.0208229628
2040	0.02082213733
2041	0.02080281661
2042	0.02078712086
2043	0.02077218746
2044	0.02076699217
2045	0.02074353532
2046	0.02074224365
2047	0.02072398815
2048	0.02071732054
2049	0.02070288339
2050	0.02069800929
2051	0.02069313184
2052	0.0206755833
2053	0.0206552145
2054	0.02063277552
2055	0.0206214021
2056	0.02062085997
2057	0.02060774814
2058	0.02059764731
2059	0.02058871907
2060	0.02056267781
2061	0.02055360764
2062	0.02054628301
2063	0.02052790534
2064	0.02050746143
2065	0.02049182479
2066	0.02047954499
2067	0.02046133154
2068	0.02045715335
2069	0.02043272565
2070	0.02043214578
2071	0.02042850351
2072	0.02042456178
2073	0.02040830357
2074	0.0203924487
2075	0.02037663411
2076	0.02037220216
2077	0.02035885333
2078	0.02035474892
2079	0.02035403497
2080	0.02033907016
2081	0.0203219117
2082	0.0203206733
2083	0.02030588876
2084	0.02028778698
2085	0.02027820194
2086	0.02025811962
2087	0.02024311921
2088	0.0202309802
2089	0.02020652998
2090	0.02020434635
2091	0.02019565415
2092	0.02017355223
2093	0.02016331187
2094	0.02016175799
2095	0.02016050347
2096	0.02014543584
2097	0.02013466595
2098	0.02012472187
2099	0.0201024376
2100	0.0201015933
2101	0.02008242802
2102	0.02005929597
2103	0.02004974978
2104	0.02003133711
2105	0.02001864721
2106	0.02000695879
2107	0.01998513711
2108	0.01997184773
2109	0.01995972797
2110	0.01994194577
2111	0.01991711415
2112	0.01990407258
2113	0.01989178118
2114	0.01988987916
2115	0.01986504886
2116	0.01984947199
2117	0.01984734877
2118	0.01982931875
2119	0.01982575773
2120	0.0198093348
2121	0.01979599877
2122	0.01978546601
2123	0.01978289686
2124	0.01977235044
2125	0.01975909124
2126	0.01974974542
2127	0.01974179436
2128	0.01972952636
2129	0.01971500825
2130	0.01969986255
2131	0.01967999239
2132	0.01967955971
2133	0.01967885996
2134	0.01967139918
2135	0.01965514633
2136	0.01964004678
2137	0.01961437827
2138	0.01960414062
2139	0.01959024267
2140	0.01958418081
2141	0.01956920213
2142	0.0195593675
2143	0.01953834667
2144	0.01951695679
2145	0.0195000902
2146	0.01948836336
2147	0.01947975888
2148	0.01947211705
2149	0.01946628194
2150	0.01945170912
2151	0.01944464419
2152	0.0194388154
2153	0.01941631271
2154	0.01940057936
2155	0.01938805095
2156	0.01938677525
2157	0.0193744648
2158	0.01935817624
2159	0.01933070258
2160	0.01932004228
2161	0.01930975085
2162	0.01930806391
2163	0.01929664257
2164	0.01927378064
2165	0.0192592173
2166	0.01925084739
2167	0.01923993103
2168	0.01923157483
2169	0.01921926877
2170	0.01920374478
2171	0.01918708109
2172	0.01917428811
2173	0.019151277
2174	0.01914855416
2175	0.01913757767
2176	0.01911452887
2177	0.0191008138
2178	0.01909354666
2179	0.01908214838
2180	0.01905706547
2181	0.01904389795
2182	0.01903015448
2183	0.0190218399
2184	0.01901003669
2185	0.01899970579
2186	0.01899902904
2187	0.01898502235
2188	0.01896921567
2189	0.01896781796
2190	0.01896214075
2191	0.01895859736
2192	0.01895559358
2193	0.01895400881
2194	0.01894726637
2195	0.01893795944
2196	0.01892181025
2197	0.01890845715
2198	0.01889779339
2199	0.01889024808
2200	0.01887929819
2201	0.01887678172
2202	0.01886387108
2203	0.01885026473
2204	0.01883698358
2205	0.01881928516
2206	0.01881427838
2207	0.01881149943
2208	0.01879497771
2209	0.01879437753
2210	0.01878694307
2211	0.01877810428
2212	0.01877560961
2213	0.01876961952
2214	0.01876908167
2215	0.01874671682
2216	0.01874609922
2217	0.01874501304
2218	0.01874064074
2219	0.01873453594
2220	0.01872208987
2221	0.01870929633
2222	0.01868536645
2223	0.01866268822
2224	0.0186620576
2225	0.01864252523
2226	0.01863412389
2227	0.01863331176
2228	0.01861941524
2229	0.01859810952
2230	0.01859588585
2231	0.01858345185
2232	0.01857414597
2233	0.01855297163
2234	0.01855247597
2235	0.01854386842
2236	0.01851997681
2237	0.018513493
2238	0.01849178207
2239	0.01848942908
2240	0.01847488926
2241	0.01846303306
2242	0.01846022318
2243	0.0184519878
2244	0.01843933581
2245	0.01842986166
2246	0.01841927704
2247	0.01841859196
2248	0.01839643906
2249	0.01838988113
2250	0.01838921261
2251	0.01838123287
2252	0.01835906411
2253	0.01833941638
2254	0.01833487178
2255	0.01832982971
2256	0.01832912387
2257	0.01832845621
2258	0.0183246646
2259	0.01830852112
2260	0.01830793192
2261	0.01830245934
2262	0.01829326949
2263	0.01827967944
2264	0.01826892411
2265	0.01825626671
2266	0.01823782094
2267	0.01822183008
2268	0.01821643602
2269	0.01821526027
2270	0.01819050946
2271	0.01817996206
2272	0.018179386
2273	0.01817179296
2274	0.0181705955
2275	0.01815713713
2276	0.01815667117
2277	0.01815138472
2278	0.0181374119
2279	0.01812628559
2280	0.01811672803
2281	0.01810731444
2282	0.01809654397
2283	0.01809604353
2284	0.01808162815
2285	0.01806651057
2286	0.01806586206
2287	0.0180550226
2288	0.01804530341
2289	0.01803216026
2290	0.01802552037
2291	0.01801946754
2292	0.01800552032
2293	0.01800509917
2294	0.01799151927
2295	0.01798397382
2296	0.01798361381
2297	0.01797706714
2298	0.01795916568
2299	0.01794652865
2300	0.01794202898
2301	0.01793072122
2302	0.01792253514
2303	0.01791448436
2304	0.01791082394
2305	0.01790651163
2306	0.01790594058
2307	0.01789018143
2308	0.0178809603
2309	0.01785854235
2310	0.01785634246
2311	0.01784300658
2312	0.01781991114
2313	0.01781946613
2314	0.01780879575
2315	0.01779482713
2316	0.01779005854
2317	0.01777447142
2318	0.01776106286
2319	0.01774198566
2320	0.01773200581
2321	0.01771749112
2322	0.01770627057
2323	0.01769039327
2324	0.01768846843
2325	0.01767198112
2326	0.01766502722
2327	0.0176646149
2328	0.01764411704
2329	0.01762812225
2330	0.01761399946
2331	0.01759882383
2332	0.01757996199
2333	0.01757443412
2334	0.01755870625
2335	0.01754946737
2336	0.01754139273
2337	0.01753635732
2338	0.01753554969
2339	0.01752389989
2340	0.01751395418
2341	0.01750437942
2342	0.01749244802
2343	0.01749165123
2344	0.017490314
2345	0.01746718903
2346	0.01746081703
2347	0.01745190302
2348	0.01743447174
2349	0.01742760353
2350	0.01742679069
2351	0.01741509635
2352	0.01740428942
2353	0.01737935941
2354	0.01735866119
2355	0.01733884976
2356	0.01733484867
2357	0.01732630338
2358	0.01731705274
2359	0.017309966
2360	0.0172985315
2361	0.01728664382
2362	0.01727983302
2363	0.01726507182
2364	0.01725663585
2365	0.01725162484
2366	0.01723932776
2367	0.01722868509
2368	0.01722163202
2369	0.01721851602
2370	0.01720087679
2371	0.01718409894
2372	0.01717578431
2373	0.01716029452
2374	0.0171521929
2375	0.01714443236
2376	0.01712775144
2377	0.01711998808
2378	0.01711279985
2379	0.01709474653
2380	0.01707820527
2381	0.01706953895
2382	0.01705958156
2383	0.01705215518
2384	0.01704575524
2385	0.01703723646
2386	0.01702441233
2387	0.01701544864
2388	0.01701297051
2389	0.01700311918
2390	0.01699237928
2391	0.01698546113
2392	0.01697053542
2393	0.01696907611
2394	0.01695324883
2395	0.01694533142
2396	0.01694097957
2397	0.01693393031
2398	0.01690795031
2399	0.01690670707
2400	0.01688525204
2401	0.01687723374
2402	0.01687039041
2403	0.01685174776
2404	0.01684303356
2405	0.01684200259
2406	0.01682963659
2407	0.01682219666
2408	0.01681411344
2409	0.01681167165
2410	0.01680370976
2411	0.01679364119
2412	0.01678684347
2413	0.01677418361
2414	0.01677227652
2415	0.0167587672
2416	0.01675245165
2417	0.01674702808
2418	0.01673024799
2419	0.01671958952
2420	0.01671905521
2421	0.01671033004
2422	0.01669383794
2423	0.0166824074
2424	0.01666023227
2425	0.0166443244
2426	0.01663460714
2427	0.01662112277
2428	0.01661409678
2429	0.01660181434
2430	0.01659358503
2431	0.01658576145
2432	0.01658404143
2433	0.01657454568
2434	0.01656957781
2435	0.01656522789
2436	0.01655857193
2437	0.01655328438
2438	0.01655101634
2439	0.01654617431
2440	0.01653708675
2441	0.01651831396
2442	0.01651175906
2443	0.01650709695
2444	0.01650133555
2445	0.01648696225
2446	0.01648098142
2447	0.01646555633
2448	0.01645545786
2449	0.01644802438
2450	0.01643729652
2451	0.01643083752
2452	0.01641151203
2453	0.01640125102
2454	0.01639564769
2455	0.01639496914
2456	0.01638641524
2457	0.01637307404
2458	0.01635321622
2459	0.01633624552
2460	0.01632892518
2461	0.01632848547
2462	0.01632096947
2463	0.01631854295
2464	0.01630420752
2465	0.01628917438
2466	0.016276114
2467	0.0162706546
2468	0.01627001537
2469	0.01626881412
2470	0.01626086157
2471	0.01625694551
2472	0.01625365859
2473	0.01625068341
2474	0.01625027305
2475	0.01622898537
2476	0.01621891573
2477	0.01620868844
2478	0.0162023387
2479	0.01619419779
2480	0.0161705061
2481	0.01615727898
2482	0.01614296936
2483	0.01612661965
2484	0.01610984142
2485	0.01609619173
2486	0.01609254896
2487	0.01607887145
2488	0.01606666002
2489	0.01606620197
2490	0.0160573539
2491	0.01604806046
2492	0.01604775521
2493	0.01603142221
2494	0.01601353325
2495	0.01600055314
2496	0.01599179754
2497	0.01598063094
2498	0.01597062391
2499	0.01596043849
2500	0.01594840208
2501	0.01594137823
2502	0.01592825849
2503	0.01591284302
2504	0.01590745441
2505	0.01589873605
2506	0.01588780764
2507	0.01587444753
2508	0.01586712067
2509	0.01586678879
2510	0.01585329332
2511	0.01584750102
2512	0.01583288178
2513	0.01582267718
2514	0.0158213017
2515	0.01581038914
2516	0.01579677423
2517	0.01579225222
2518	0.0157855843
2519	0.01577113677
2520	0.0157478879
2521	0.01574718211
2522	0.015746635
2523	0.01574496379
2524	0.01573495746
2525	0.01572449722
2526	0.01571872385
2527	0.01570327168
2528	0.01569742695
2529	0.01568236208
2530	0.01568127743
2531	0.01567204043
2532	0.01565717793
2533	0.01563283614
2534	0.01562342524
2535	0.01561558201
2536	0.01560466454
2537	0.01560224649
2538	0.0155955842
2539	0.01558270668
2540	0.01556419268
2541	0.01554381648
2542	0.0155328688
2543	0.01551600767
2544	0.01550106874
2545	0.01550000551
2546	0.01548795009
2547	0.01548032495
2548	0.01545724724
2549	0.01543694009
2550	0.01542333479
2551	0.01541463599
2552	0.01539922799
2553	0.01539247075
2554	0.01539124024
2555	0.01538064129
2556	0.0153797762
2557	0.01537055521
2558	0.01537002788
2559	0.01536329805
2560	0.0153513803
2561	0.01534420781
2562	0.01533730915
2563	0.01531938992
2564	0.01531167913
2565	0.01531124646
2566	0.01530233566
2567	0.01528987877
2568	0.01528421453
2569	0.01527556257
2570	0.0152672153
2571	0.01525174674
2572	0.01523609403
2573	0.01523129143
2574	0.01521864794
2575	0.01521478209
2576	0.01521453484
2577	0.01520900489
2578	0.01519763008
2579	0.01519666764
2580	0.01519411761
2581	0.01518692758
2582	0.01516924252
2583	0.01515267874
2584	0.0151398479
2585	0.01513050924
2586	0.0151142912
2587	0.01510656793
2588	0.01510600584
2589	0.0150938475
2590	0.01508029486
2591	0.01507718819
2592	0.01506663616
2593	0.01505759368
2594	0.01505192464
2595	0.01504079817
2596	0.01504042648
2597	0.01503996124
2598	0.0150345031
2599	0.01502389299
2600	0.01501636728
2601	0.01500561908
2602	0.0149898369
2603	0.01497328967
2604	0.01496238179
2605	0.01495248443
2606	0.01494378891
2607	0.01493604496
2608	0.01493534073
2609	0.01493194115
2610	0.01492576178
2611	0.0149190667
2612	0.01489797396
2613	0.01489237153
2614	0.0148826439
2615	0.01488214077
2616	0.01488081291
2617	0.01487561584
2618	0.01486667399
2619	0.01485534734
2620	0.01483275754
2621	0.01482352723
2622	0.01481457931
2623	0.01479332795
2624	0.01477391112
2625	0.01476856515
2626	0.01476356171
2627	0.01475893581
2628	0.0147431539
2629	0.01473359403
2630	0.01473305859
2631	0.01472767087
2632	0.01471926783
2633	0.01471793707
2634	0.01470980164
2635	0.01470946619
2636	0.01469573713
2637	0.01469284226
2638	0.01468960341
2639	0.01468890348
2640	0.0146810546
2641	0.01467635099
2642	0.01466971901
2643	0.01465813545
2644	0.01465199048
2645	0.01463409435
2646	0.01461267568
2647	0.01460500423
2648	0.01459020377
2649	0.01458976975
2650	0.01458217816
2651	0.01457549132
2652	0.01457323691
2653	0.01456581428
2654	0.01455846471
2655	0.01454699349
2656	0.01453693226
2657	0.01453551026
2658	0.01452994809
2659	0.01452548805
2660	0.01451586451
2661	0.01451067504
2662	0.0145098178
2663	0.01450941046
2664	0.01450570137
2665	0.01448681034
2666	0.0144853148
2667	0.01447828207
2668	0.01447754574
2669	0.01445909999
2670	0.01445685666
2671	0.01445048793
2672	0.01444238004
2673	0.01444073334
2674	0.01442878402
2675	0.01441475115
2676	0.01440459748
2677	0.01439903279
2678	0.01439155065
2679	0.01437811184
2680	0.01436568517
2681	0.01435759141
2682	0.01434272066
2683	0.01433223565
2684	0.01432219345
2685	0.01432183789
2686	0.01430696955
2687	0.0142977041
2688	0.01429359929
2689	0.01428391911
2690	0.01426714503
2691	0.01424969605
2692	0.01424353346
2693	0.01423617171
2694	0.01423594177
2695	0.01422736295
2696	0.01421957557
2697	0.01420938355
2698	0.01420603669
2699	0.0141980516
2700	0.01418744124
2701	0.01417332409
2702	0.01415765084
2703	0.01414507904
2704	0.01413080009
2705	0.01412267277
2706	0.01411228227
2707	0.01411159128
2708	0.01410578517
2709	0.01409791136
2710	0.01409437145
2711	0.01407441635
2712	0.01405750195
2713	0.01404410947
2714	0.01403089506
2715	0.01402503658
2716	0.01402041582
2717	0.01400927479
2718	0.0140061479
2719	0.01399357487
2720	0.01398023762
2721	0.01396885756
2722	0.01396244526
2723	0.01395381258
2724	0.013944901
2725	0.01394455369
2726	0.01393511247
2727	0.01393327491
2728	0.01393241898
2729	0.01391367284
2730	0.01389869936
2731	0.01389083425
2732	0.01389054926
2733	0.01388308367
2734	0.0138786471
2735	0.01386464514
2736	0.01385352393
2737	0.0138471186
2738	0.01384029792
2739	0.01383195212
2740	0.01381887353
2741	0.01380225965
2742	0.01379344037
2743	0.01378354085
2744	0.01376952547
2745	0.01375694762
2746	0.01375470244
2747	0.01374364568
2748	0.01373053985
2749	0.01372551473
2750	0.01372488515
2751	0.01372446946
2752	0.01371631793
2753	0.01371443173
2754	0.01370420215
2755	0.01369513664
2756	0.01368270663
2757	0.01367206837
2758	0.01366570994
2759	0.01365782255
2760	0.01364903078
2761	0.01364431674
2762	0.0136439279
2763	0.01364129785
2764	0.0136347887
2765	0.01363075081
2766	0.01362921445
2767	0.01362733119
2768	0.01362037843
2769	0.01359980946
2770	0.01357985519
2771	0.01357095902
2772	0.01356141246
2773	0.01355414261
2774	0.01354965523
2775	0.01354022161
2776	0.01353307251
2777	0.01351178365
2778	0.0135112727
2779	0.01350002085
2780	0.01349970918
2781	0.01349000123
2782	0.01348102793
2783	0.01347077492
2784	0.01347039721
2785	0.01346721634
2786	0.01345927388
2787	0.01344709233
2788	0.01343454419
2789	0.01342394
2790	0.01341890291
2791	0.01340731227
2792	0.01340655672
2793	0.0134038997
2794	0.01339794814
2795	0.01338137571
2796	0.01337803709
2797	0.01337778121
2798	0.01337486821
2799	0.01336963343
2800	0.01336758094
2801	0.01335902498
2802	0.0133582118
2803	0.01334923289
2804	0.01333672345
2805	0.01333421061
2806	0.01332238236
2807	0.01331192458
2808	0.01329770301
2809	0.01328106087
2810	0.0132664937
2811	0.01326043582
2812	0.01325464547
2813	0.01324485113
2814	0.01324169443
2815	0.01323387222
2816	0.01323230819
2817	0.01322721471
2818	0.01322034067
2819	0.01321259968
2820	0.01320212666
2821	0.01318375908
2822	0.01318296661
2823	0.01317152713
2824	0.01315398072
2825	0.01314390187
2826	0.01313105616
2827	0.01313083592
2828	0.01312668281
2829	0.01311417975
2830	0.01310560267
2831	0.01310413878
2832	0.01308532276
2833	0.0130729875
2834	0.0130584896
2835	0.01304846105
2836	0.01304460946
2837	0.01303946596
2838	0.01303167369
2839	0.01302326887
2840	0.01302237666
2841	0.01300772572
2842	0.01300329981
2843	0.01299141939
2844	0.012987029
2845	0.01298619756
2846	0.0129850825
2847	0.01297781339
2848	0.01297537012
2849	0.01295846251
2850	0.01295057395
2851	0.01294742802
2852	0.01292662826
2853	0.01291795341
2854	0.01291380081
2855	0.0129133708
2856	0.0129048867
2857	0.01289772845
2858	0.01289282034
2859	0.01288398321
2860	0.012873024
2861	0.01286436476
2862	0.01286375156
2863	0.01285502107
2864	0.01283971153
2865	0.01283377825
2866	0.01283308485
2867	0.01282990115
2868	0.01281717263
2869	0.01281248347
2870	0.0128081473
2871	0.01280609663
2872	0.01280570061
2873	0.01280543943
2874	0.01280429829
2875	0.01280022989
2876	0.01279274523
2877	0.01278911867
2878	0.01277795476
2879	0.01276452337
2880	0.01275751885
2881	0.01274773935
2882	0.01273878013
2883	0.01273641781
2884	0.01272241251
2885	0.01270855049
2886	0.0127067607
2887	0.01269429885
2888	0.01269088321
2889	0.01268049907
2890	0.01266352899
2891	0.01266218241
2892	0.01265304886
2893	0.01264320172
2894	0.01264287492
2895	0.01263646789
2896	0.0126300961
2897	0.01262670646
2898	0.01261533452
2899	0.01261484282
2900	0.01259746624
2901	0.01259305932
2902	0.01258431159
2903	0.012572387
2904	0.0125566834
2905	0.01255173518
2906	0.01254639874
2907	0.01253637818
2908	0.01253188313
2909	0.01252195571
2910	0.01251861995
2911	0.01250671296
2912	0.01249595968
2913	0.01247844511
2914	0.01247819562
2915	0.01246399138
2916	0.01245763673
2917	0.01244306321
2918	0.01243457918
2919	0.01242989748
2920	0.01242040079
2921	0.01241457719
2922	0.01240823114
2923	0.01240062838
2924	0.01238616928
2925	0.01237675337
2926	0.01237613508
2927	0.0123757589
2928	0.01237228914
2929	0.01236401724
2930	0.01235649904
2931	0.01234601859
2932	0.01233693313
2933	0.01232836035
2934	0.0123231741
2935	0.01232260063
2936	0.01231342125
2937	0.01231007184
2938	0.01229887503
2939	0.01228774822
2940	0.01228731121
2941	0.01228115876
2942	0.01227046074
2943	0.01226597638
2944	0.01225945652
2945	0.0122590995
2946	0.01224676691
2947	0.01224434965
2948	0.0122340443
2949	0.01221890553
2950	0.01221512189
2951	0.01220445452
2952	0.01220074068
2953	0.01220016429
2954	0.01219014143
2955	0.01218978913
2956	0.01217803122
2957	0.01216707579
2958	0.01214860831
2959	0.01213194593
2960	0.0121314605
2961	0.01212249454
2962	0.0121081807
2963	0.0120999602
2964	0.01208876231
2965	0.01208841524
2966	0.01208014531
2967	0.01206718404
2968	0.01205153769
2969	0.01205118484
2970	0.01204783168
2971	0.01204131686
2972	0.01203115195
2973	0.01201990242
2974	0.01201606476
2975	0.01200413627
2976	0.01199754825
2977	0.01199133071
2978	0.01198269647
2979	0.0119753654
2980	0.01197111667
2981	0.01196362264
2982	0.01195391601
2983	0.0119436716
2984	0.01193330431
2985	0.01192174911
2986	0.01191376711
2987	0.01190559894
2988	0.01189802446
2989	0.011890695
2990	0.01187456554
2991	0.01186624998
2992	0.01185396926
2993	0.01184221319
2994	0.01183115432
2995	0.01182236822
2996	0.0118218978
2997	0.01180937398
2998	0.01180519021
2999	0.01179759447
3363
