iter	Passed	Remaining
0	3	9790
1	1	24	36092	25	25791
3	33	83	6284	34	93	55973
5	100	49946	6	109	4697	77	113	428	79	26374
9	86	25780
10	92	25184
11	102	25512	12	115	26573
13	121	25879
14	125	25031
15	129	24165
16	136	23992
17	152	25341
18	160	25169
19	166	24805
20	171	24334
21	181	24631
22	187	24266
23	191	23744
24	195	23230
25	199	22793
26	205	22596
27	214	22784
28	223	22907
29	232	22975
30	236	22628
31	240	22269
32	254	22917
33	260	22747
34	265	22486
35	269	22171
36	294	23576
37	300	23459
38	306	23296
39	311	23057
40	317	22935
41	321	22628
42	325	22369
43	329	22120
44	332	21866
45	338	21764
46	344	21635
47	348	21421
48	351	21185
49	355	20998
50	359	20810
51	363	20621
52	381	21213
53	385	21022
54	391	20949
55	397	20914
56	415	21441
57	424	21533
58	431	21499
59	436	21387
60	440	21219
61	444	21057
62	455	21239
63	461	21159
64	465	20998
65	469	20852
66	472	20694
67	480	20728
68	489	20772
69	506	21219
70	510	21079
71	514	20942
72	518	20808
73	522	20669
74	532	20772
75	536	20655
76	540	20529
77	544	20406
78	548	20282
79	558	20401
80	566	20410
81	570	20289
82	574	20174
83	579	20132
84	588	20192
85	594	20137
86	601	20132
87	609	20152
88	615	20130
89	619	20027
90	625	19981
91	628	19881
92	633	19797
93	646	19971
94	655	20055
95	659	19950
96	663	19854
97	672	19903
98	676	19811
99	680	19725
100	690	19830
101	696	19798
102	706	19860
103	711	19825
104	716	19758
105	726	19828
106	730	19747
107	734	19676
108	740	19648
109	746	19615
110	750	19536
111	754	19459
112	770	19679
113	775	19643
114	782	19624
115	788	19602
116	792	19527
117	796	19444
118	804	19486
119	810	19451
120	819	19496
121	826	19506
122	835	19550
123	844	19593
124	850	19550
125	854	19490
126	860	19461
127	868	19483
128	877	19536
129	881	19468
130	885	19399
131	889	19333
132	893	19268
133	900	19265
134	907	19252
135	910	19183
136	914	19118
137	921	19109
138	925	19046
139	929	18978
140	934	18952
141	940	18931
142	947	18927
143	952	18888
144	956	18836
145	960	18773
146	963	18705
147	967	18644
148	971	18595
149	975	18542
150	980	18499
151	983	18428
152	987	18366
153	991	18318
154	995	18270
155	1000	18231
156	1004	18191
157	1009	18157
158	1013	18104
159	1017	18054
160	1021	18013
161	1026	17976
162	1030	17935
163	1033	17870
164	1038	17837
165	1041	17777
166	1044	17725
167	1048	17666
168	1051	17618
169	1054	17557
170	1057	17502
171	1060	17441
172	1063	17379
173	1065	17308
174	1069	17258
175	1072	17213
176	1076	17172
177	1080	17127
178	1083	17077
179	1087	17030
180	1089	16973
181	1092	16914
182	1095	16863
183	1098	16817
184	1101	16767
185	1105	16720
186	1109	16689
187	1112	16638
188	1115	16588
189	1118	16546
190	1122	16513
191	1125	16466
192	1129	16422
193	1132	16381
194	1135	16336
195	1138	16286
196	1141	16237
197	1143	16188
198	1146	16143
199	1150	16102
200	1153	16067
201	1156	16023
202	1159	15981
203	1163	15944
204	1166	15907
205	1170	15877
206	1173	15829
207	1175	15775
208	1179	15747
209	1182	15714
210	1187	15692
211	1190	15656
212	1194	15627
213	1197	15589
214	1200	15552
215	1204	15519
216	1206	15478
217	1210	15442
218	1213	15411
219	1216	15368
220	1218	15325
221	1222	1212	1222	1223	1215	1223	1224	1219	1224	1225	1222	1225	1234	15153
226	1238	15128
227	1241	15091
228	1244	15062
229	1248	15039
230	1252	15007
231	1255	14978
232	1259	14952
233	1262	14924
234	1265	14895
235	1269	14866
236	1272	14834
237	1276	14815
238	1280	14790
239	1284	14773
240	1288	14750
241	1291	14719
242	1295	14700
243	1299	14673
244	1302	14649
245	1306	14621
246	1310	14610
247	1313	14576
248	1316	14548
249	1319	14515
250	1322	14484
251	1326	14465
252	1329	14439
253	1334	14422
254	1337	14398
255	1341	14375
256	1344	14351
257	1347	14317
258	1351	14298
259	1354	14271
260	1357	14246
261	1361	14231
262	1365	14206
263	1368	14180
264	1371	14156
265	1375	14135
266	1380	14128
267	1383	14105
268	1388	14091
269	1391	14069
270	1395	14050
271	1398	14029
272	1402	14006
273	1405	13986
274	1410	13978
275	1413	13954
276	1416	13929
277	1419	13896
278	1422	13869
279	1425	13847
280	1429	13836
281	1434	13821
282	1437	13804
283	1441	13783
284	1445	13771
285	1450	13760
286	1453	13738
287	1456	13714
288	1459	13690
289	1462	13668
290	1465	13644
291	1469	13628
292	1472	13606
293	1476	13592
294	1480	13570
295	1484	13562
296	1488	13543
297	1491	13522
298	1494	13500
299	1497	13477
300	1501	13459
301	1504	13438
302	1507	13418
303	1510	13393
304	1513	13373
305	1516	13354
306	1520	13337
307	1523	13317
308	1527	13301
309	1530	13279
310	1533	13259
311	1536	13237
312	1539	13220
313	1543	13201
314	1545	13176
315	1547	13147
316	1551	13133
317	1554	13113
318	1558	13095
319	1561	13074
320	1563	13045
321	1566	13027
322	1569	13008
323	1573	12996
324	1577	12982
325	1580	12966
326	1583	12946
327	1587	12932
328	1591	12918
329	1594	12899
330	1597	12883
331	1602	12874
332	1604	12854
333	1608	12838
334	1612	12830
335	1616	12816
336	1619	12798
337	1622	12780
338	1626	12768
339	1631	12762
340	1638	12775
341	1642	12763
342	1645	12748
343	1649	12732
344	1652	12714
345	1655	12701
346	1659	12688
347	1663	12673
348	1667	12665
349	1670	12648
350	1674	12639
351	1678	12628
352	1681	12609
353	1684	12593
354	1688	12578
355	1690	12553
356	1693	12538
357	1697	12528
358	1701	12514
359	1704	12500
360	1708	12489
361	1711	12472
362	1714	12456
363	1719	12451
364	1722	12436
365	1725	12419
366	1729	12405
367	1732	12392
368	1736	12379
369	1739	12367
370	1743	12353
371	1746	12339
372	1749	12323
373	1753	12309
374	1756	12295
375	1758	12274
376	1762	12259
377	1765	12244
378	1768	12232
379	1771	12216
380	1775	12204
381	1779	12195
382	1782	12180
383	1785	12162
384	1788	12148
385	1791	12135
386	1795	12125
387	1799	12112
388	1801	12094
389	1804	12078
390	1808	12069
391	1813	12068
392	1817	12053
393	1819	12036
394	1823	12025
395	1827	12016
396	1831	12008
397	1834	11993
398	1838	11982
399	1841	11970
400	1844	11957
401	1848	11948
402	1852	11935
403	1855	11920
404	1858	11908
405	1861	11894
406	1864	11880
407	1867	11866
408	1870	11852
409	1873	11835
410	1876	11820
411	1879	11808
412	1882	11793
413	1886	11783
414	1890	11774
415	1893	11761
416	1896	11749
417	1899	11734
418	1903	11726
419	1907	11716
420	1910	11704
421	1914	11697
422	1919	11692
423	1923	11683
424	1926	11672
425	1930	11662
426	1933	11650
427	1937	11640
428	1941	11632
429	1944	11623
430	1948	11611
431	1952	11604
432	1957	11602
433	1960	11589
434	1963	11580
435	1968	11573
436	1972	11568
437	1975	11557
438	1979	11549
439	1983	11540
440	1986	11529
441	1990	11522
442	1995	11517
443	2001	11523
444	2006	11522
445	2009	11509
446	2013	11500
447	2017	11493
448	2020	11479
449	2024	11473
450	2028	11462
451	2031	11454
452	2034	11439
453	2038	11431
454	2041	11419
455	2044	11407
456	2048	11396
457	2051	11388
458	2055	11380
459	2058	11368
460	2061	11355
461	2065	11344
462	2068	11332
463	2071	11320
464	2074	11312
465	2078	11304
466	2082	11296
467	2085	11283
468	2088	11272
469	2091	11257
470	2094	11245
471	2097	11234
472	2101	11226
473	2105	11220
474	2108	11208
475	2112	11199
476	2116	11194
477	2119	11183
478	2122	11172
479	2125	11160
480	2128	11149
481	2132	11141
482	2136	11135
483	2140	11126
484	2143	11117
485	2147	11109
486	2151	11103
487	2155	11093
488	2159	11086
489	2162	11077
490	2166	11068
491	2168	11055
492	2173	11052
493	2176	11039
494	2178	11026
495	2183	11020
496	2186	11010
497	2189	11000
498	2192	10989
499	2196	10984
500	2201	10978
501	2204	10972
502	2209	10970
503	2214	10965
504	2218	10959
505	2221	10951
506	2224	10939
507	2229	10935
508	2233	10932
509	2241	10945
510	2246	10943
511	2254	10957
512	2261	10965
513	2265	10958
514	2270	10957
515	2274	10947
516	2278	10942
517	2282	10935
518	2287	10932
519	2290	10924
520	2293	10914
521	2297	10907
522	2302	10906
523	2307	10901
524	2310	10894
525	2314	10885
526	2318	10879
527	2321	10869
528	2325	10864
529	2330	10858
530	2333	10851
531	2336	10841
532	2340	10831
533	2344	10828
534	2348	10820
535	2352	10813
536	2355	10802
537	2359	10799
538	2363	10792
539	2366	10781
540	2370	10775
541	2375	10772
542	2381	10774
543	2384	10764
544	2387	10755
545	2391	10748
546	2394	10738
547	2398	10731
548	2403	10728
549	2407	10725
550	2412	10723
551	2416	10717
552	2419	10707
553	2423	10699
554	2428	10696
555	2431	10687
556	2435	10682
557	2438	10672
558	2441	10662
559	2445	10655
560	2449	10649
561	2454	10646
562	2458	10643
563	2464	10644
564	2470	10645
565	2474	10641
566	2480	10642
567	2483	10634
568	2487	10627
569	2491	10620
570	2495	10614
571	2499	10608
572	2503	10602
573	2505	10591
574	2509	10582
575	2512	10575
576	2516	10567
577	2519	10559
578	2524	10554
579	2528	10549
580	2533	10549
581	2537	10540
582	2541	10537
583	2546	10534
584	2550	10528
585	2554	10523
586	2558	10518
587	2562	10513
588	2567	10510
589	2570	10500
590	2575	10498
591	2579	10491
592	2582	10483
593	2586	10475
594	2591	10476
595	2596	10474
596	2601	10469
597	2604	10463
598	2608	10457
599	2614	10458
600	2618	10451
601	2623	10451
602	2628	10447
603	2631	10439
604	2635	10434
605	2639	10429
606	2643	10421
607	2646	10413
608	2650	10405
609	2653	10396
610	2656	10387
611	2659	10377
612	2662	10369
613	2666	10362
614	2671	10358
615	2674	10352
616	2677	10342
617	2682	10340
618	2685	10331
619	2689	10324
620	2693	10318
621	2697	10311
622	2700	10304
623	2704	10298
624	2708	10292
625	2712	10287
626	2716	10280
627	2721	10278
628	2725	10273
629	2747	10334
630	2751	10330
631	2758	10336
632	2764	10337
633	2769	10334
634	2774	10331
635	2779	10331
636	2783	10326
637	2809	10400
638	2843	10504
639	2862	10556
640	2873	10573
641	2880	10578
642	2884	10574
643	2888	10566
644	2896	10575
645	2902	10577
646	2906	10571
647	2911	10567
648	2921	10583
649	2926	10581
650	2931	10576
651	2936	10573
652	2943	10578
653	2951	10587
654	2965	10616
655	2970	10614
656	2974	10609
657	2979	10605
658	2987	10614
659	2992	10611
660	2999	10614
661	3004	10610
662	3009	10607
663	3012	10599
664	3018	10597
665	3021	10590
666	3027	10590
667	3032	10588
668	3037	10585
669	3042	10581
670	3046	10573
671	3051	10572
672	3058	10574
673	3061	10566
674	3065	10560
675	3069	10554
676	3074	10548
677	3077	10540
678	3082	10536
679	3087	10533
680	3091	10529
681	3100	10538
682	3106	10539
683	3113	10541
684	3120	10544
685	3125	10542
686	3129	10537
687	3134	10532
688	3138	10525
689	3143	10522
690	3147	10516
691	3150	10508
692	3154	10502
693	3159	10499
694	3163	10490
695	3167	10484
696	3171	10477
697	3179	10484
698	3184	10482
699	3188	10476
700	3193	10473
701	3197	10465
702	3200	10458
703	3204	10450
704	3208	10444
705	3212	10438
706	3216	10431
707	3220	10424
708	3224	10418
709	3227	10411
710	3232	10406
711	3235	10398
712	3239	10389
713	3242	10382
714	3246	10375
715	3250	10368
716	3254	10362
717	3257	10354
718	3261	10346
719	3264	10338
720	3269	10333
721	3273	10327
722	3278	10324
723	3281	10317
724	3285	10310
725	3289	10302
726	3293	10296
727	3297	10292
728	3301	10284
729	3304	10276
730	3308	10270
731	3312	10261
732	3315	10252
733	3320	10250
734	3323	10242
735	3328	10238
736	3332	10231
737	3335	10224
738	3339	10217
739	3343	10211
740	3348	10207
741	3351	10198
742	3355	10191
743	3357	10180
744	3360	10171
745	3364	10164
746	3367	10156
747	3371	10149
748	3377	10149
749	3382	10147
750	3386	10142
751	3390	10135
752	3394	10129
753	3399	10125
754	3404	10122
755	3408	10118
756	3412	10110
757	3416	10104
758	3418	10094
759	3422	10088
760	3426	10080
761	3430	10073
762	3433	10065
763	3436	10058
764	3440	10050
765	3443	10041
766	3447	10036
767	3452	10033
768	3456	10029
769	3460	10022
770	3467	10025
771	3471	10019
772	3475	10014
773	3480	10008
774	3484	10003
775	3488	9997
776	3492	9991
777	3497	9989
778	3501	9983
779	3505	9976
780	3508	9968
781	3512	9963
782	3516	9956
783	3520	9949
784	3523	9943
785	3529	9941
786	3533	9935
787	3538	9933
788	3542	9925
789	3546	9920
790	3549	9912
791	3554	9908
792	3557	9900
793	3562	9897
794	3565	9890
795	3570	9885
796	3573	9878
797	3578	9873
798	3581	9867
799	3585	9860
800	3589	9853
801	3592	9845
802	3595	9838
803	3599	9831
804	3603	9824
805	3607	9819
806	3610	9811
807	3614	9804
808	3622	9811
809	3626	9803
810	3630	9800
811	3635	9796
812	3639	9789
813	3643	9783
814	3647	9778
815	3652	9775
816	3655	9767
817	3659	9762
818	3665	9760
819	3669	9755
820	3673	9748
821	3677	9744
822	3681	9737
823	3683	9726
824	3687	9721
825	3691	9715
826	3695	9708
827	3699	9703
828	3702	9696
829	3706	9690
830	3710	9684
831	3714	9678
832	3718	9673
833	3722	9668
834	3727	9665
835	3731	9659
836	3735	9654
837	3738	9646
838	3743	9643
839	3747	9636
840	3751	9631
841	3754	9623
842	3758	9616
843	3761	9607
844	3764	9601
845	3769	9596
846	3772	9590
847	3775	9581
848	3779	9576
849	3782	9568
850	3786	9562
851	3790	9555
852	3793	9548
853	3796	9539
854	3800	9534
855	3803	9527
856	3807	9521
857	3810	9513
858	3815	9509
859	3818	9501
860	3821	9492
861	3825	9488
862	3828	9479
863	3832	9474
864	3836	9469
865	3840	9462
866	3843	9456
867	3847	9450
868	3851	9444
869	3855	9438
870	3859	9432
871	3862	9426
872	3865	9418
873	3869	9412
874	3872	9405
875	3876	9399
876	3878	9389
877	3882	9382
878	3885	9375
879	3889	9371
880	3893	9365
881	3897	9359
882	3901	9353
883	3905	9348
884	3908	9340
885	3912	9334
886	3916	9330
887	3920	9324
888	3923	9317
889	3926	9309
890	3931	9306
891	3935	9300
892	3939	9295
893	3943	9290
894	3947	9283
895	3950	9277
896	3954	9272
897	3958	9264
898	3960	9256
899	3963	9249
900	3968	9244
901	3972	9239
902	3976	9234
903	3980	9228
904	3983	9222
905	3987	9216
906	3990	9208
907	3995	9204
908	3998	9197
909	4001	9191
910	4006	9187
911	4009	9179
912	4013	9174
913	4017	9168
914	4021	9163
915	4024	9156
916	4027	9149
917	4031	9144
918	4035	9137
919	4038	9129
920	4041	9123
921	4045	9118
922	4048	9110
923	4052	9104
924	4055	9097
925	4059	9091
926	4061	9082
927	4064	9075
928	4068	9068
929	4072	9063
930	4074	9055
931	4077	9048
932	4080	9040
933	4083	9032
934	4086	9025
935	4089	9018
936	4093	9013
937	4097	9007
938	4100	9000
939	4104	8995
940	4108	8989
941	4110	8980
942	4113	8973
943	4116	8965
944	4120	8960
945	4123	8953
946	4127	8947
947	4132	8943
948	4135	8937
949	4139	8931
950	4142	8924
951	4145	8917
952	4149	8912
953	4152	8905
954	4155	8899
955	4160	8895
956	4164	8890
957	4167	8884
958	4172	8879
959	4176	8875
960	4179	8868
961	4183	8862
962	4186	8854
963	4189	8848
964	4193	8843
965	4197	8837
966	4200	8830
967	4202	8822
968	4206	8816
969	4210	8811
970	4213	8805
971	4217	8799
972	4221	8793
973	4225	8789
974	4229	8784
975	4232	8777
976	4235	8771
977	4240	8766
978	4243	8759
979	4246	8753
980	4250	8747
981	4253	8741
982	4256	8734
983	4260	8728
984	4263	8722
985	4267	8715
986	4270	8709
987	4274	8703
988	4278	8698
989	4281	8692
990	4284	8685
991	4288	8680
992	4292	8675
993	4295	8667
994	4297	8660
995	4300	8652
996	4303	8644
997	4307	8640
998	4312	8638
999	4315	8631
1000	4318	8624
1001	4321	8617
1002	4324	8610
1003	4327	8604
1004	4331	8598
1005	4334	8591
1006	4338	8585
1007	4341	8580
1008	4345	8575
1009	4349	8570
1010	4353	8564
1011	4357	8559
1012	4361	8554
1013	4364	8549
1014	4368	8543
1015	4371	8537
1016	4374	8530
1017	4378	8524
1018	4382	8519
1019	4385	8513
1020	4389	8507
1021	4392	8501
1022	4395	8494
1023	4399	8489
1024	4403	8485
1025	4407	8480
1026	4411	8474
1027	4413	8467
1028	4416	8459
1029	4420	8454
1030	4423	8448
1031	4426	8441
1032	4430	8436
1033	4433	8430
1034	4437	8424
1035	4440	8417
1036	4444	8412
1037	4449	8409
1038	4456	8410
1039	4461	8407
1040	4464	8401
1041	4468	8395
1042	4471	8390
1043	4475	8385
1044	4478	8379
1045	4482	8373
1046	4486	8368
1047	4489	8361
1048	4492	8355
1049	4495	8349
1050	4499	8343
1051	4503	8338
1052	4506	8333
1053	4511	8329
1054	4514	8322
1055	4518	8317
1056	4521	8311
1057	4525	8307
1058	4529	8302
1059	4533	8297
1060	4536	8290
1061	4540	8285
1062	4544	8280
1063	4548	8275
1064	4551	8269
1065	4554	8262
1066	4557	8256
1067	4563	8254
1068	4567	8251
1069	4571	8244
1070	4574	8239
1071	4579	8235
1072	4582	8230
1073	4586	8225
1074	4592	8223
1075	4596	8218
1076	4599	8212
1077	4602	8206
1078	4605	8199
1079	4609	8193
1080	4612	8187
1081	4616	8183
1082	4620	8178
1083	4625	8175
1084	4629	8170
1085	4632	8164
1086	4636	8158
1087	4640	8154
1088	4643	8148
1089	4647	8144
1090	4651	8138
1091	4654	8132
1092	4659	8128
1093	4662	8123
1094	4666	8118
1095	4669	8112
1096	4673	8106
1097	4677	8102
1098	4680	8096
1099	4684	8091
1100	4687	8085
1101	4691	8079
1102	4694	8073
1103	4698	8069
1104	4702	8063
1105	4704	8057
1106	4709	8052
1107	4714	8050
1108	4719	8047
1109	4723	8042
1110	4727	8038
1111	4731	8032
1112	4734	8026
1113	4737	8021
1114	4740	8014
1115	4744	8009
1116	4749	8005
1117	4752	8000
1118	4756	7994
1119	4759	7989
1120	4763	7983
1121	4766	7978
1122	4769	7972
1123	4772	7966
1124	4776	7961
1125	4780	7955
1126	4786	7954
1127	4788	7947
1128	4792	7942
1129	4797	7938
1130	4801	7934
1131	4806	7931
1132	4809	7925
1133	4814	7922
1134	4819	7918
1135	4823	7914
1136	4827	7910
1137	4832	7906
1138	4835	7901
1139	4839	7896
1140	4843	7891
1141	4847	7885
1142	4851	7881
1143	4854	7875
1144	4858	7871
1145	4863	7868
1146	4867	7863
1147	4870	7857
1148	4874	7852
1149	4877	7846
1150	4881	7841
1151	4885	7837
1152	4888	7831
1153	4892	7826
1154	4896	7822
1155	4899	7815
1156	4902	7809
1157	4907	7805
1158	4910	7800
1159	4913	7794
1160	4921	7795
1161	4925	7790
1162	4928	7784
1163	4932	7779
1164	4936	7775
1165	4939	7768
1166	4942	7762
1167	4945	7757
1168	4948	7751
1169	4953	7747
1170	4957	7742
1171	4961	7737
1172	4964	7732
1173	4967	7727
1174	4971	7722
1175	4975	7716
1176	4978	7710
1177	4981	7704
1178	4985	7700
1179	4990	7697
1180	4993	7691
1181	4997	7685
1182	5000	7680
1183	5003	7674
1184	5007	7670
1185	5010	7664
1186	5014	7658
1187	5018	7653
1188	5021	7647
1189	5024	7641
1190	5028	7637
1191	5032	7633
1192	5035	7627
1193	5040	7623
1194	5043	7617
1195	5048	7614
1196	5051	7608
1197	5055	7603
1198	5060	7601
1199	5065	7597
1200	5069	7593
1201	5072	7587
1202	5077	7583
1203	5082	7580
1204	5086	7577
1205	5090	7572
1206	5094	7567
1207	5097	7562
1208	5101	7556
1209	5106	7553
1210	5109	7548
1211	5113	7543
1212	5118	7541
1213	5123	7537
1214	5127	7532
1215	5131	7528
1216	5144	7536
1217	5148	7532
1218	5154	7530
1219	5157	7525
1220	5161	7520
1221	5166	7516
1222	5170	7513
1223	5175	7510
1224	5185	7513
1225	5189	7509
1226	5193	7504
1227	5197	7500
1228	5202	7497
1229	5207	7493
1230	5212	7490
1231	5217	7487
1232	5221	7482
1233	5225	7477
1234	5229	7473
1235	5233	7469
1236	5238	7466
1237	5243	7462
1238	5249	7461
1239	5254	7457
1240	5258	7454
1241	5263	7450
1242	5269	7448
1243	5273	7443
1244	5276	7438
1245	5280	7433
1246	5284	7428
1247	5288	7424
1248	5292	7419
1249	5296	7414
1250	5300	7410
1251	5304	7405
1252	5308	7400
1253	5311	7395
1254	5315	7390
1255	5319	7385
1256	5323	7381
1257	5326	7375
1258	5329	7369
1259	5332	7363
1260	5336	7358
1261	5340	7354
1262	5347	7353
1263	5353	7352
1264	5359	7350
1265	5364	7347
1266	5369	7343
1267	5374	7340
1268	5379	7338
1269	5383	7333
1270	5388	7329
1271	5392	7326
1272	5400	7325
1273	5405	7323
1274	5412	7322
1275	5419	7322
1276	5427	7322
1277	5434	7321
1278	5443	7324
1279	5450	7323
1280	5455	7320
1281	5460	7317
1282	5464	7313
1283	5471	7311
1284	5475	7307
1285	5480	7303
1286	5483	7298
1287	5489	7296
1288	5494	7293
1289	5498	7289
1290	5511	7296
1291	5519	7296
1292	5524	7293
1293	5529	7290
1294	5535	7287
1295	5540	7285
1296	5545	7281
1297	5549	7276
1298	5553	7272
1299	5557	7267
1300	5560	7261
1301	5564	7256
1302	5567	7250
1303	5581	7259
1304	5587	7257
1305	5591	7253
1306	5596	7249
1307	5599	7243
1308	5604	7240
1309	5609	7236
1310	5613	7231
1311	5617	7227
1312	5622	7224
1313	5627	7220
1314	5631	7216
1315	5635	7211
1316	5641	7209
1317	5645	7204
1318	5649	7199
1319	5656	7199
1320	5662	7196
1321	5668	7194
1322	5672	7190
1323	5675	7184
1324	5679	7179
1325	5683	7174
1326	5686	7169
1327	5691	7165
1328	5696	7162
1329	5700	7157
1330	5704	7152
1331	5708	7148
1332	5712	7144
1333	5717	7140
1334	5721	7135
1335	5726	7132
1336	5730	7128
1337	5734	7123
1338	5738	7118
1339	5742	7114
1340	5746	7109
1341	5749	7103
1342	5757	7103
1343	5763	7101
1344	5768	7098
1345	5773	7094
1346	5778	7091
1347	5781	7085
1348	5785	7080
1349	5789	7076
1350	5794	7072
1351	5799	7068
1352	5804	7066
1353	5808	7061
1354	5813	7057
1355	5818	7054
1356	5822	7049
1357	5826	7045
1358	5830	7040
1359	5834	7035
1360	5837	7030
1361	5842	7026
1362	5845	7020
1363	5850	7017
1364	5854	7012
1365	5860	7009
1366	5865	7007
1367	5870	7003
1368	5874	6999
1369	5878	6994
1370	5883	6991
1371	5888	6986
1372	5893	6984
1373	5899	6981
1374	5903	6977
1375	5907	6972
1376	5912	6968
1377	5916	6963
1378	5920	6959
1379	5924	6954
1380	5927	6949
1381	5932	6945
1382	5937	6941
1383	5941	6936
1384	5947	6934
1385	5952	6931
1386	5957	6927
1387	5962	6924
1388	5966	6920
1389	5970	6915
1390	5974	6910
1391	5978	6906
1392	5982	6901
1393	5986	6897
1394	5990	6892
1395	5995	6888
1396	5998	6883
1397	6003	6879
1398	6007	6875
1399	6011	6869
1400	6014	6865
1401	6020	6862
1402	6025	6858
1403	6029	6854
1404	6034	6850
1405	6040	6848
1406	6045	6844
1407	6051	6842
1408	6055	6837
1409	6059	6833
1410	6063	6828
1411	6068	6824
1412	6074	6822
1413	6078	6818
1414	6083	6814
1415	6087	6809
1416	6090	6804
1417	6094	6799
1418	6099	6795
1419	6103	6791
1420	6108	6787
1421	6112	6782
1422	6116	6778
1423	6120	6773
1424	6124	6768
1425	6127	6763
1426	6131	6758
1427	6135	6754
1428	6139	6749
1429	6142	6744
1430	6147	6740
1431	6151	6736
1432	6154	6730
1433	6158	6725
1434	6162	6720
1435	6166	6716
1436	6174	6715
1437	6179	6712
1438	6183	6707
1439	6186	6702
1440	6190	6697
1441	6193	6691
1442	6197	6687
1443	6201	6682
1444	6205	6677
1445	6209	6673
1446	6213	6668
1447	6217	6663
1448	6220	6658
1449	6223	6653
1450	6227	6648
1451	6231	6643
1452	6234	6637
1453	6238	6632
1454	6241	6627
1455	6244	6622
1456	6248	6617
1457	6251	6612
1458	6255	6607
1459	6259	6602
1460	6263	6597
1461	6267	6592
1462	6270	6587
1463	6273	6582
1464	6276	6576
1465	6280	6571
1466	6283	6566
1467	6286	6560
1468	6290	6555
1469	6293	6550
1470	6297	6545
1471	6301	6540
1472	6304	6535
1473	6307	6530
1474	6310	6524
1475	6315	6520
1476	6319	6515
1477	6323	6511
1478	6326	6506
1479	6330	6501
1480	6333	6495
1481	6337	6491
1482	6340	6485
1483	6343	6479
1484	6347	6475
1485	6350	6470
1486	6354	6465
1487	6357	6460
1488	6362	6456
1489	6366	6451
1490	6370	6447
1491	6374	6442
1492	6377	6437
1493	6381	6432
1494	6384	6427
1495	6388	6423
1496	6392	6418
1497	6396	6414
1498	6402	6411
1499	6406	6406
1500	6410	6401
1501	6415	6398
1502	6420	6394
1503	6425	6390
1504	6428	6385
1505	6433	6381
1506	6437	6377
1507	6441	6373
1508	6445	6368
1509	6448	6362
1510	6451	6357
1511	6455	6353
1512	6459	6348
1513	6464	6344
1514	6467	6339
1515	6472	6336
1516	6477	6331
1517	6480	6327
1518	6485	6323
1519	6489	6318
1520	6493	6314
1521	6496	6308
1522	6500	6304
1523	6504	6299
1524	6507	6294
1525	6511	6289
1526	6517	6286
1527	6521	6282
1528	6525	6277
1529	6529	6273
1530	6533	6268
1531	6536	6263
1532	6542	6261
1533	6546	6256
1534	6551	6252
1535	6558	6250
1536	6561	6245
1537	6566	6242
1538	6575	6241
1539	6580	6238
1540	6586	6235
1541	6593	6234
1542	6598	6230
1543	6602	6226
1544	6606	6221
1545	6611	6217
1546	6614	6212
1547	6618	6207
1548	6622	6203
1549	6626	6198
1550	6629	6193
1551	6633	6188
1552	6637	6184
1553	6641	6179
1554	6645	6175
1555	6648	6169
1556	6652	6165
1557	6655	6159
1558	6659	6155
1559	6663	6150
1560	6667	6146
1561	6671	6141
1562	6675	6136
1563	6678	6132
1564	6682	6127
1565	6686	6122
1566	6691	6118
1567	6695	6114
1568	6699	6109
1569	6702	6104
1570	6706	6100
1571	6712	6097
1572	6717	6094
1573	6722	6090
1574	6728	6088
1575	6733	6084
1576	6738	6080
1577	6744	6077
1578	6748	6073
1579	6752	6068
1580	6755	6063
1581	6760	6059
1582	6766	6056
1583	6770	6052
1584	6773	6046
1585	6776	6041
1586	6782	6038
1587	6785	6033
1588	6789	6029
1589	6794	6025
1590	6797	6020
1591	6802	6016
1592	6805	6011
1593	6810	6007
1594	6814	6002
1595	6818	5998
1596	6822	5993
1597	6827	5990
1598	6831	5985
1599	6836	5981
1600	6840	5977
1601	6845	5973
1602	6850	5970
1603	6856	5967
1604	6860	5963
1605	6864	5958
1606	6868	5953
1607	6874	5950
1608	6878	5946
1609	6882	5941
1610	6885	5936
1611	6889	5932
1612	6893	5927
1613	6899	5924
1614	6904	5920
1615	6908	5917
1616	6913	5913
1617	6917	5908
1618	6921	5904
1619	6924	5899
1620	6928	5893
1621	6932	5889
1622	6935	5884
1623	6939	5880
1624	6944	5875
1625	6947	5870
1626	6950	5865
1627	6954	5861
1628	6958	5856
1629	6961	5851
1630	6964	5846
1631	6968	5841
1632	6972	5837
1633	6977	5832
1634	6980	5827
1635	6984	5823
1636	6988	5818
1637	6993	5814
1638	6997	5810
1639	7001	5806
1640	7005	5801
1641	7008	5796
1642	7012	5791
1643	7016	5787
1644	7019	5781
1645	7022	5776
1646	7026	5772
1647	7031	5768
1648	7035	5763
1649	7037	5758
1650	7042	5753
1651	7046	5749
1652	7050	5745
1653	7053	5740
1654	7058	5736
1655	7062	5731
1656	7065	5726
1657	7069	5722
1658	7073	5717
1659	7077	5713
1660	7082	5709
1661	7086	5705
1662	7092	5701
1663	7097	5698
1664	7102	5695
1665	7108	5691
1666	7114	5689
1667	7118	5684
1668	7125	5682
1669	7134	5681
1670	7142	5680
1671	7146	5676
1672	7149	5671
1673	7154	5666
1674	7158	5663
1675	7164	5660
1676	7169	5655
1677	7172	5651
1678	7177	5647
1679	7182	5643
1680	7186	5638
1681	7189	5633
1682	7193	5629
1683	7198	5625
1684	7202	5621
1685	7206	5616
1686	7211	5612
1687	7215	5607
1688	7219	5603
1689	7222	5598
1690	7226	5594
1691	7230	5589
1692	7234	5585
1693	7239	5581
1694	7243	5577
1695	7248	5573
1696	7252	5568
1697	7257	5564
1698	7260	5559
1699	7263	5554
1700	7268	5550
1701	7272	5546
1702	7276	5541
1703	7280	5537
1704	7284	5532
1705	7288	5528
1706	7291	5523
1707	7295	5518
1708	7300	5514
1709	7304	5510
1710	7308	5505
1711	7311	5500
1712	7317	5497
1713	7320	5492
1714	7324	5487
1715	7329	5484
1716	7332	5479
1717	7336	5474
1718	7340	5469
1719	7343	5464
1720	7346	5459
1721	7350	5455
1722	7355	5451
1723	7359	5446
1724	7363	5442
1725	7367	5438
1726	7370	5433
1727	7373	5427
1728	7377	5423
1729	7381	5419
1730	7385	5414
1731	7388	5409
1732	7393	5405
1733	7397	5400
1734	7400	5395
1735	7403	5390
1736	7407	5386
1737	7411	5381
1738	7415	5377
1739	7419	5372
1740	7423	5368
1741	7427	5363
1742	7431	5359
1743	7435	5354
1744	7438	5349
1745	7441	5344
1746	7445	5340
1747	7450	5336
1748	7453	5331
1749	7456	5326
1750	7460	5321
1751	7464	5317
1752	7469	5313
1753	7474	5309
1754	7478	5305
1755	7481	5300
1756	7484	5295
1757	7487	5289
1758	7491	5285
1759	7495	5280
1760	7498	5275
1761	7502	5271
1762	7506	5266
1763	7509	5261
1764	7514	5258
1765	7518	5253
1766	7524	5250
1767	7528	5246
1768	7535	5243
1769	7538	5238
1770	7541	5233
1771	7546	5229
1772	7549	5224
1773	7554	5220
1774	7557	5216
1775	7562	5212
1776	7566	5207
1777	7571	5203
1778	7575	5199
1779	7578	5194
1780	7582	5189
1781	7587	5186
1782	7592	5182
1783	7596	5177
1784	7600	5173
1785	7604	5169
1786	7609	5165
1787	7614	5161
1788	7620	5158
1789	7624	5154
1790	7627	5149
1791	7631	5144
1792	7635	5139
1793	7639	5135
1794	7643	5130
1795	7651	5129
1796	7657	5126
1797	7665	5124
1798	7671	5121
1799	7678	5118
1800	7685	5116
1801	7689	5112
1802	7694	5108
1803	7699	5104
1804	7707	5102
1805	7712	5099
1806	7716	5094
1807	7723	5092
1808	7730	5089
1809	7735	5086
1810	7742	5083
1811	7747	5079
1812	7753	5076
1813	7756	5071
1814	7763	5068
1815	7770	5066
1816	7775	5062
1817	7782	5060
1818	7788	5056
1819	7797	5055
1820	7809	5056
1821	7813	5051
1822	7819	5048
1823	7823	5043
1824	7832	5043
1825	7839	5040
1826	7843	5035
1827	7847	5031
1828	7851	5027
1829	7855	5022
1830	7861	5019
1831	7865	5014
1832	7870	5010
1833	7875	5006
1834	7879	5002
1835	7884	4998
1836	7887	4993
1837	7894	4990
1838	7897	4985
1839	7902	4982
1840	7908	4979
1841	7916	4976
1842	7920	4972
1843	7928	4970
1844	7933	4966
1845	7939	4962
1846	7942	4958
1847	7947	4954
1848	7951	4949
1849	7955	4945
1850	7960	4941
1851	7966	4938
1852	7969	4933
1853	7974	4929
1854	7979	4925
1855	7984	4921
1856	7990	4918
1857	7995	4914
1858	8000	4910
1859	8005	4906
1860	8009	4902
1861	8015	4898
1862	8020	4894
1863	8024	4890
1864	8030	4887
1865	8035	4883
1866	8038	4878
1867	8042	4874
1868	8046	4869
1869	8051	4865
1870	8056	4861
1871	8062	4857
1872	8066	4853
1873	8070	4849
1874	8076	4845
1875	8081	4841
1876	8087	4839
1877	8093	4835
1878	8098	4831
1879	8101	4826
1880	8106	4822
1881	8110	4817
1882	8116	4814
1883	8119	4809
1884	8125	4806
1885	8140	4808
1886	8144	4803
1887	8150	4800
1888	8154	4796
1889	8159	4791
1890	8170	4791
1891	8181	4791
1892	8187	4788
1893	8192	4783
1894	8197	4779
1895	8201	4775
1896	8210	4773
1897	8218	4771
1898	8223	4767
1899	8234	4767
1900	8239	4763
1901	8242	4758
1902	8247	4754
1903	8252	4750
1904	8258	4747
1905	8265	4744
1906	8273	4742
1907	8279	4738
1908	8284	4734
1909	8288	4729
1910	8292	4725
1911	8295	4720
1912	8299	4715
1913	8306	4712
1914	8311	4709
1915	8317	4705
1916	8320	4700
1917	8326	4697
1918	8329	4692
1919	8334	4688
1920	8339	4683
1921	8343	4679
1922	8347	4675
1923	8351	4670
1924	8358	4667
1925	8363	4663
1926	8368	4659
1927	8373	4655
1928	8377	4651
1929	8381	4646
1930	8387	4643
1931	8392	4639
1932	8399	4636
1933	8404	4632
1934	8410	4629
1935	8420	4627
1936	8435	4629
1937	8442	4626
1938	8449	4623
1939	8454	4619
1940	8461	4616
1941	8467	4613
1942	8481	4613
1943	8489	4611
1944	8495	4608
1945	8500	4604
1946	8508	4601
1947	8516	4599
1948	8522	4595
1949	8529	4592
1950	8535	4589
1951	8540	4585
1952	8545	4581
1953	8551	4577
1954	8556	4573
1955	8562	4570
1956	8578	4572
1957	8589	4571
1958	8599	4569
1959	8606	4566
1960	8612	4563
1961	8618	4559
1962	8624	4556
1963	8629	4551
1964	8634	4548
1965	8638	4543
1966	8643	4539
1967	8648	4535
1968	8654	4531
1969	8659	4527
1970	8670	4526
1971	8675	4522
1972	8680	4518
1973	8687	4515
1974	8693	4511
1975	8698	4507
1976	8703	4503
1977	8707	4498
1978	8711	4494
1979	8715	4489
1980	8720	4485
1981	8724	4480
1982	8728	4476
1983	8732	4471
1984	8735	4466
1985	8739	4462
1986	8743	4457
1987	8747	4453
1988	8753	4449
1989	8756	4444
1990	8761	4440
1991	8772	4439
1992	8779	4436
1993	8784	4431
1994	8788	4427
1995	8792	4422
1996	8796	4418
1997	8800	4413
1998	8805	4409
1999	8810	4405
2000	8814	4400
2001	8818	4395
2002	8822	4391
2003	8826	4386
2004	8831	4382
2005	8835	4378
2006	8838	4373
2007	8844	4369
2008	8848	4365
2009	8852	4360
2010	8856	4355
2011	8860	4350
2012	8865	4346
2013	8870	4342
2014	8874	4338
2015	8879	4334
2016	8883	4329
2017	8889	4325
2018	8893	4321
2019	8897	4316
2020	8902	4312
2021	8907	4308
2022	8912	4304
2023	8916	4299
2024	8920	4295
2025	8924	4290
2026	8928	4286
2027	8934	4282
2028	8937	4277
2029	8942	4273
2030	8946	4268
2031	8949	4263
2032	8954	4259
2033	8958	4254
2034	8962	4249
2035	8965	4245
2036	8971	4241
2037	8975	4236
2038	8979	4232
2039	8983	4227
2040	8987	4223
2041	8991	4218
2042	8995	4213
2043	8998	4208
2044	9003	4204
2045	9006	4199
2046	9010	4194
2047	9015	4190
2048	9019	4186
2049	9023	4181
2050	9027	4177
2051	9032	4172
2052	9036	4168
2053	9039	4163
2054	9043	4158
2055	9049	4154
2056	9054	4150
2057	9057	4146
2058	9062	4141
2059	9065	4136
2060	9070	4132
2061	9074	4127
2062	9078	4123
2063	9082	4118
2064	9087	4114
2065	9091	4109
2066	9095	4105
2067	9099	4101
2068	9103	4096
2069	9108	4092
2070	9113	4088
2071	9117	4083
2072	9121	4079
2073	9126	4074
2074	9130	4070
2075	9134	4065
2076	9138	4061
2077	9142	4056
2078	9148	4052
2079	9153	4048
2080	9158	4044
2081	9161	4039
2082	9165	4035
2083	9170	4030
2084	9173	4025
2085	9178	4021
2086	9181	4016
2087	9185	4012
2088	9189	4007
2089	9194	4003
2090	9198	3998
2091	9201	3993
2092	9205	3989
2093	9209	3984
2094	9212	3979
2095	9216	3975
2096	9219	3970
2097	9222	3965
2098	9227	3960
2099	9230	3955
2100	9233	3951
2101	9238	3946
2102	9242	3942
2103	9246	3937
2104	9250	3932
2105	9253	3928
2106	9258	3923
2107	9261	3919
2108	9265	3914
2109	9268	3909
2110	9272	3904
2111	9275	3899
2112	9279	3895
2113	9282	3890
2114	9287	3886
2115	9292	3881
2116	9296	3877
2117	9300	3873
2118	9304	3868
2119	9309	3864
2120	9313	3859
2121	9317	3855
2122	9322	3850
2123	9326	3846
2124	9331	3842
2125	9335	3837
2126	9338	3832
2127	9342	3828
2128	9346	3823
2129	9349	3818
2130	9353	3814
2131	9357	3809
2132	9362	3805
2133	9365	3800
2134	9369	3796
2135	9373	3791
2136	9378	3787
2137	9382	3782
2138	9386	3778
2139	9390	3773
2140	9395	3769
2141	9400	3765
2142	9404	3760
2143	9408	3756
2144	9413	3752
2145	9417	3747
2146	9421	3743
2147	9426	3739
2148	9433	3735
2149	9437	3730
2150	9442	3726
2151	9447	3722
2152	9450	3718
2153	9455	3713
2154	9459	3709
2155	9463	3704
2156	9467	3700
2157	9473	3696
2158	9478	3692
2159	9482	3687
2160	9486	3683
2161	9491	3678
2162	9495	3674
2163	9499	3669
2164	9504	3665
2165	9510	3661
2166	9514	3657
2167	9518	3652
2168	9523	3648
2169	9528	3644
2170	9532	3639
2171	9537	3635
2172	9541	3631
2173	9546	3627
2174	9550	3622
2175	9555	3618
2176	9561	3614
2177	9565	3610
2178	9570	3605
2179	9575	3601
2180	9579	3597
2181	9585	3593
2182	9590	3589
2183	9596	3585
2184	9605	3582
2185	9612	3579
2186	9617	3575
2187	9622	3571
2188	9627	3566
2189	9632	3562
2190	9638	3558
2191	9643	3554
2192	9646	3549
2193	9650	3545
2194	9654	3540
2195	9658	3536
2196	9663	3531
2197	9668	3527
2198	9673	3523
2199	9676	3518
2200	9681	3514
2201	9686	3510
2202	9691	3506
2203	9695	3501
2204	9700	3497
2205	9704	3492
2206	9708	3488
2207	9713	3484
2208	9720	3480
2209	9725	3476
2210	9730	3472
2211	9735	3468
2212	9742	3464
2213	9747	3460
2214	9752	3456
2215	9768	3456
2216	9775	3452
2217	9783	3449
2218	9791	3446
2219	9797	3442
2220	9803	3438
2221	9811	3435
2222	9816	3431
2223	9821	3427
2224	9827	3423
2225	9832	3418
2226	9837	3414
2227	9843	3410
2228	9848	3406
2229	9854	3402
2230	9858	3398
2231	9862	3393
2232	9867	3389
2233	9873	3385
2234	9878	3381
2235	9885	3377
2236	9897	3375
2237	9905	3372
2238	9911	3368
2239	9917	3364
2240	9923	3360
2241	9928	3356
2242	9934	3352
2243	9941	3349
2244	9947	3345
2245	9952	3341
2246	9958	3337
2247	9963	3332
2248	9968	3328
2249	9975	3325
2250	9980	3320
2251	9984	3316
2252	9987	3311
2253	9991	3306
2254	9996	3302
2255	10002	3298
2256	10009	3295
2257	10015	3291
2258	10019	3286
2259	10024	3282
2260	10030	3278
2261	10035	3274
2262	10041	3270
2263	10046	3266
2264	10052	3261
2265	10059	3258
2266	10062	3253
2267	10067	3249
2268	10072	3244
2269	10077	3240
2270	10082	3236
2271	10087	3232
2272	10091	3227
2273	10098	3224
2274	10102	3219
2275	10109	3216
2276	10115	3211
2277	10120	3207
2278	10125	3203
2279	10130	3199
2280	10135	3194
2281	10140	3190
2282	10147	3186
2283	10152	3182
2284	10159	3179
2285	10163	3174
2286	10168	3170
2287	10174	3166
2288	10179	3161
2289	10187	3158
2290	10194	3154
2291	10200	3150
2292	10211	3148
2293	10218	3144
2294	10231	3142
2295	10237	3139
2296	10243	3134
2297	10248	3130
2298	10252	3126
2299	10257	3121
2300	10264	3118
2301	10270	3114
2302	10276	3110
2303	10280	3105
2304	10285	3101
2305	10292	3097
2306	10300	3094
2307	10306	3090
2308	10311	3085
2309	10315	3081
2310	10320	3077
2311	10327	3073
2312	10331	3068
2313	10338	3064
2314	10347	3061
2315	10353	3057
2316	10358	3053
2317	10362	3048
2318	10366	3044
2319	10370	3039
2320	10372	3034
2321	10377	3030
2322	10382	3025
2323	10388	3021
2324	10392	3017
2325	10398	3013
2326	10402	3008
2327	10407	3004
2328	10412	2999
2329	10418	2995
2330	10422	2991
2331	10426	2986
2332	10432	2982
2333	10439	2978
2334	10443	2974
2335	10448	2970
2336	10454	2965
2337	10457	2961
2338	10461	2956
2339	10466	2952
2340	10471	2947
2341	10475	2943
2342	10479	2938
2343	10482	2933
2344	10486	2929
2345	10490	2924
2346	10495	2920
2347	10501	2916
2348	10506	2911
2349	10513	2908
2350	10518	2903
2351	10523	2899
2352	10529	2895
2353	10535	2891
2354	10540	2886
2355	10545	2882
2356	10550	2878
2357	10554	2873
2358	10559	2869
2359	10564	2864
2360	10569	2860
2361	10574	2856
2362	10580	2852
2363	10583	2847
2364	10589	2843
2365	10595	2839
2366	10601	2835
2367	10608	2831
2368	10615	2827
2369	10622	2823
2370	10631	2820
2371	10638	2816
2372	10642	2812
2373	10648	2807
2374	10656	2804
2375	10661	2800
2376	10667	2795
2377	10679	2793
2378	10694	2791
2379	10702	2787
2380	10710	2784
2381	10715	2780
2382	10723	2776
2383	10728	2772
2384	10733	2767
2385	10741	2764
2386	10746	2759
2387	10751	2755
2388	10757	2751
2389	10763	2747
2390	10771	2743
2391	10779	2740
2392	10786	2736
2393	10792	2731
2394	10798	2727
2395	10809	2724
2396	10814	2720
2397	10819	2716
2398	10826	2712
2399	10843	2710
2400	10849	2706
2401	10858	2703
2402	10866	2699
2403	10873	2695
2404	10883	2692
2405	10904	2692
2406	10913	2688
2407	10931	2687
2408	10935	2682
2409	10947	2680
2410	10956	2676
2411	10970	2674
2412	10975	2669
2413	10997	2669
2414	11001	2664
2415	11008	2661
2416	11024	2659
2417	11036	2656
2418	11050	2654
2419	11058	2650
2420	11063	2645
2421	11073	2642
2422	11079	2638
2423	11088	2634
2424	11096	2631
2425	11113	2629
2426	11124	2626
2427	11138	2624
2428	11150	2621
2429	11170	2620
2430	11175	2615
2431	11182	2611
2432	11188	2607
2433	11193	2602
2434	11198	2598
2435	11203	2593
2436	11207	2589
2437	11213	2584
2438	11219	2580
2439	11224	2576
2440	11229	2571
2441	11232	2566
2442	11237	2562
2443	11241	2557
2444	11245	2552
2445	11250	2548
2446	11253	2543
2447	11257	2538
2448	11261	2533
2449	11265	2528
2450	11269	2524
2451	11272	2519
2452	11277	2514
2453	11281	2510
2454	11286	2505
2455	11289	2500
2456	11293	2495
2457	11298	2491
2458	11302	2486
2459	11306	2481
2460	11310	2477
2461	11314	2472
2462	11319	2467
2463	11324	2463
2464	11327	2458
2465	11330	2453
2466	11335	2449
2467	11338	2444
2468	11342	2439
2469	11346	2434
2470	11351	2430
2471	11354	2425
2472	11359	2420
2473	11362	2415
2474	11368	2411
2475	11372	2406
2476	11377	2402
2477	11381	2397
2478	11385	2392
2479	11388	2388
2480	11392	2383
2481	11397	2378
2482	11401	2374
2483	11405	2369
2484	11409	2364
2485	11413	2359
2486	11418	2355
2487	11422	2350
2488	11426	2345
2489	11430	2341
2490	11434	2336
2491	11438	2331
2492	11441	2326
2493	11445	2322
2494	11450	2317
2495	11454	2312
2496	11459	2308
2497	11464	2303
2498	11468	2299
2499	11471	2294
2500	11476	2289
2501	11480	2285
2502	11486	2280
2503	11490	2276
2504	11494	2271
2505	11498	2266
2506	11502	2261
2507	11506	2257
2508	11509	2252
2509	11512	2247
2510	11516	2242
2511	11520	2238
2512	11525	2233
2513	11529	2228
2514	11533	2224
2515	11537	2219
2516	11542	2214
2517	11546	2210
2518	11550	2205
2519	11555	2200
2520	11558	2196
2521	11562	2191
2522	11567	2186
2523	11571	2182
2524	11575	2177
2525	11577	2172
2526	11582	2167
2527	11585	2163
2528	11589	2158
2529	11594	2153
2530	11598	2149
2531	11603	2144
2532	11606	2139
2533	11611	2135
2534	11614	2130
2535	11620	2126
2536	11624	2121
2537	11628	2116
2538	11636	2112
2539	11651	2110
2540	11657	2105
2541	11667	2102
2542	11676	2098
2543	11682	2094
2544	11687	2089
2545	11692	2085
2546	11703	2081
2547	11714	2078
2548	11718	2073
2549	11726	2069
2550	11730	2064
2551	11735	2060
2552	11743	2056
2553	11748	2051
2554	11753	2047
2555	11758	2042
2556	11763	2038
2557	11768	2033
2558	11774	2029
2559	11781	2024
2560	11788	2020
2561	11795	2016
2562	11800	2012
2563	11807	2007
2564	11811	2003
2565	11817	1998
2566	11824	1994
2567	11832	1990
2568	11837	1985
2569	11847	1982
2570	11853	1977
2571	11859	1973
2572	11864	1968
2573	11871	1964
2574	11876	1960
2575	11881	1955
2576	11887	1951
2577	11894	1947
2578	11899	1942
2579	11905	1938
2580	11910	1933
2581	11918	1929
2582	11926	1925
2583	11930	1920
2584	11937	1916
2585	11945	1912
2586	11952	1908
2587	11956	1903
2588	11960	1898
2589	11963	1893
2590	11967	1889
2591	11969	1884
2592	11973	1879
2593	11975	1874
2594	11978	1869
2595	11980	1864
2596	11983	1859
2597	11986	1854
2598	11990	1850
2599	11998	1845
2600	12001	1841
2601	12005	1836
2602	12008	1831
2603	12012	1826
2604	12016	1822
2605	12019	1817
2606	12022	1812
2607	12026	1807
2608	12030	1802
2609	12035	1798
2610	12039	1793
2611	12044	1789
2612	12049	1784
2613	12053	1779
2614	12057	1775
2615	12061	1770
2616	12065	1765
2617	12070	1761
2618	12074	1756
2619	12077	1751
2620	12080	1746
2621	12082	1741
2622	12088	1737
2623	12092	1732
2624	12097	1728
2625	12102	1723
2626	12105	1718
2627	12109	1714
2628	12112	1709
2629	12116	1704
2630	12119	1699
2631	12122	1694
2632	12127	1690
2633	12132	1685
2634	12137	1681
2635	12143	1676
2636	12146	1672
2637	12150	1667
2638	12155	1662
2639	12159	1658
2640	12162	1653
2641	12173	1649
2642	12178	1644
2643	12181	1640
2644	12185	1635
2645	12189	1630
2646	12192	1626
2647	12196	1621
2648	12204	1617
2649	12211	1612
2650	12215	1608
2651	12219	1603
2652	12223	1598
2653	12229	1594
2654	12235	1589
2655	12239	1585
2656	12243	1580
2657	12246	1575
2658	12250	1571
2659	12256	1566
2660	12261	1562
2661	12266	1557
2662	12275	1553
2663	12286	1549
2664	12291	1545
2665	12295	1540
2666	12299	1535
2667	12305	1531
2668	12309	1526
2669	12314	1521
2670	12318	1517
2671	12322	1512
2672	12328	1508
2673	12334	1503
2674	12339	1499
2675	12343	1494
2676	12348	1489
2677	12353	1485
2678	12359	1480
2679	12363	1476
2680	12370	1471
2681	12376	1467
2682	12383	1463
2683	12388	1458
2684	12393	1453
2685	12397	1449
2686	12402	1444
2687	12408	1440
2688	12413	1435
2689	12433	1432
2690	12443	1428
2691	12450	1424
2692	12454	1419
2693	12463	1415
2694	12471	1411
2695	12480	1407
2696	12489	1403
2697	12495	1398
2698	12503	1394
2699	12509	1389
2700	12515	1385
2701	12520	1380
2702	12526	1376
2703	12529	1371
2704	12535	1367
2705	12538	1362
2706	12541	1357
2707	12544	1352
2708	12547	1347
2709	12550	1343
2710	12554	1338
2711	12556	1333
2712	12559	1328
2713	12562	1323
2714	12566	1319
2715	12570	1314
2716	12575	1309
2717	12579	1305
2718	12584	1300
2719	12588	1295
2720	12592	1291
2721	12597	1286
2722	12600	1281
2723	12604	1277
2724	12608	1272
2725	12612	1267
2726	12615	1262
2727	12620	1258
2728	12623	1253
2729	12627	1248
2730	12630	1244
2731	12636	1239
2732	12640	1234
2733	12643	1230
2734	12648	1225
2735	12653	1220
2736	12656	1216
2737	12660	1211
2738	12668	1207
2739	12675	1202
2740	12681	1198
2741	12686	1193
2742	12691	1189
2743	12695	1184
2744	12700	1179
2745	12703	1175
2746	12708	1170
2747	12714	1165
2748	12718	1161
2749	12723	1156
2750	12728	1152
2751	12737	1147
2752	12741	1143
2753	12745	1138
2754	12747	1133
2755	12750	1128
2756	12752	1124
2757	12755	1119
2758	12758	1114
2759	12761	1109
2760	12764	1104
2761	12766	1100
2762	12768	1095
2763	12770	1090
2764	12773	1085
2765	12775	1080
2766	12777	1075
2767	12780	1071
2768	12782	1066
2769	12785	1061
2770	12787	1056
2771	12790	1052
2772	12794	1047
2773	12797	1042
2774	12799	1037
2775	12801	1032
2776	12804	1028
2777	12807	1023
2778	12809	1018
2779	12812	1013
2780	12815	1009
2781	12817	1004
2782	12820	999
2783	12822	994
2784	12824	990
2785	12827	985
2786	12829	980
2787	12832	975
2788	12835	971
2789	12837	966
2790	12840	961
2791	12842	956
2792	12845	952
2793	12848	947
2794	12850	942
2795	12853	937
2796	12856	933
2797	12858	928
2798	12861	923
2799	12863	918
2800	12865	914
2801	12868	909
2802	12870	904
2803	12872	899
2804	12874	895
2805	12876	890
2806	12878	885
2807	12882	880
2808	12883	876
2809	12886	871
2810	12889	866
2811	12892	861
2812	12893	857
2813	12896	852
2814	12898	847
2815	12899	842
2816	12901	838
2817	12903	833
2818	12905	828
2819	12907	823
2820	12908	819
2821	12910	814
2822	12912	809
2823	12914	804
2824	12916	800
2825	12917	795
2826	12920	790
2827	12921	785
2828	12923	781
2829	12925	776
2830	12927	771
2831	12928	766
2832	12931	762
2833	12932	757
2834	12934	752
2835	12936	748
2836	12938	743
2837	12940	738
2838	12942	733
2839	12944	729
2840	12946	724
2841	12948	719
2842	12951	715
2843	12953	710
2844	12955	705
2845	12957	701
2846	12959	696
2847	12960	691
2848	12963	687
2849	12965	682
2850	12968	677
2851	12970	673
2852	12974	668
2853	12977	663
2854	12979	659
2855	12981	654
2856	12983	649
2857	12984	645
2858	12987	640
2859	12990	635
2860	12992	631
2861	12994	626
2862	12996	621
2863	12998	617
2864	13000	612
2865	13002	607
2866	13004	603
2867	13006	598
2868	13009	594
2869	13012	589
2870	13015	584
2871	13016	580
2872	13018	575
2873	13019	570
2874	13021	566
2875	13024	561
2876	13025	556
2877	13027	552
2878	13029	547
2879	13031	542
2880	13032	538
2881	13035	533
2882	13038	529
2883	13040	524
2884	13043	519
2885	13045	515
2886	13047	510
2887	13049	506
2888	13051	501
2889	13054	496
2890	13057	492
2891	13059	487
2892	13061	483
2893	13063	478
2894	13065	473
2895	13066	469
2896	13068	464
2897	13071	460
2898	13073	455
2899	13076	450
2900	13078	446
2901	13080	441
2902	13082	437
2903	13084	432
2904	13086	427
2905	13090	423
2906	13092	418
2907	13095	414
2908	13096	409
2909	13099	405
2910	13101	400
2911	13113	396
2912	13115	391
2913	13117	387
2914	13119	382
2915	13121	377
2916	13123	373
2917	13125	368
2918	13127	364
2919	13129	359
2920	13130	355
2921	13132	350
2922	13134	345
2923	13136	341
2924	13139	336
2925	13142	332
2926	13143	327
2927	13145	323
2928	13146	318
2929	13149	314
2930	13150	309
2931	13153	305
2932	13154	300
2933	13156	295
2934	13158	291
2935	13160	286
2936	13161	282
2937	13163	277
2938	13165	273
2939	13167	268
2940	13168	264
2941	13170	259
2942	13172	255
2943	13175	250
2944	13177	246
2945	13179	241
2946	13181	237
2947	13182	232
2948	13184	228
2949	13186	22292950	13188	21292951	13190	214
2952	13191	209
2953	13193	205
2954	13195	200
2955	13197	196
2956	13199	191
2957	13201	18292958	13202	18292959	13204	17292960	13206	17292961	13208	16292962	13210	16292963	13211	16292964	13213	15292965	13215	151
2966	13217	14292967	13219	14292968	13221	13292969	13223	13292970	13225	12292971	13226	12292972	13228	12292973	13230	12972974	13234	111
2975	13236	106
2976	13238	102
2977	1322982	12978	1322983	12979	1322984	12980	1322985	12981	13247	79
2982	13249	75
2983	13251	71
2984	13253	66
2985	1322990	12986	1322991	12987	1322992	12988	1322993	12989	1322994	12990	1322995	12991	1322996	12992	1322997	12993	132998	132994	12999	1322995	13273	17
2996	13275	13
2997	13276	8
2998	13278	4
2999	13279	0
